userID,accountID,sessionID,seasonID,sessionGameNumber,seasonGameNumber,accountGameNumber,rank,map,isPlacement
5b3575e50fb244731053f106,5b362fc7d358830fb8be2eb4,5b36329dd358830fb8be2eca,6,1,1,1819,0,Placement,TRUE
5b3575e50fb244731053f106,5b362fc7d358830fb8be2eb4,5b36329dd358830fb8be2eca,6,2,2,1820,0,Placement,TRUE
5b3575e50fb244731053f106,5b362fc7d358830fb8be2eb4,5b36329dd358830fb8be2eca,6,3,3,1821,0,Placement,TRUE
5b3575e50fb244731053f106,5b362fc7d358830fb8be2eb4,5b36329dd358830fb8be2eca,6,4,4,1822,0,Placement,TRUE
5b3575e50fb244731053f106,5b362fc7d358830fb8be2eb4,5b36329dd358830fb8be2eca,6,5,5,1823,0,Placement,TRUE
5b3575e50fb244731053f106,5b362fc7d358830fb8be2eb4,5b36329dd358830fb8be2eca,6,6,6,1824,0,Placement,TRUE
5b3575e50fb244731053f106,5b362fc7d358830fb8be2eb4,5b36329dd358830fb8be2eca,6,7,7,1825,0,Placement,TRUE
5b3575e50fb244731053f106,5b362fc7d358830fb8be2eb4,5b36329dd358830fb8be2eca,6,8,8,1826,0,Placement,TRUE
5b3575e50fb244731053f106,5b362fc7d358830fb8be2eb4,5b36329dd358830fb8be2eca,6,9,9,1827,0,Placement,TRUE
5b3575e50fb244731053f106,5b362fc7d358830fb8be2eb4,5b36329dd358830fb8be2eca,6,10,10,1828,3171,Placement,FALSE
5b3575e50fb244731053f106,5b362fc7d358830fb8be2eb4,5b36329dd358830fb8be2eca,6,11,11,1829,3142,Numbani,FALSE
5b3575e50fb244731053f106,5b362fc7d358830fb8be2eb4,5b36329dd358830fb8be2eca,6,12,12,1830,3162,Hollywood,FALSE
5b3575e50fb244731053f106,5b362fc7d358830fb8be2eb4,5b36329dd358830fb8be2eca,6,13,13,1831,3132,Watchpoint: Gibraltar,FALSE
5b3575e50fb244731053f106,5b362fc7d358830fb8be2eb4,5b36329dd358830fb8be2eca,6,14,14,1832,3105,Temple of Anubis,FALSE
5b3575e50fb244731053f106,5b362fc7d358830fb8be2eb4,5b36329dd358830fb8be2eca,6,15,15,1833,3082,Oasis,FALSE
5b3575e50fb244731053f106,5b362fc7d358830fb8be2eb4,5b36329dd358830fb8be2eca,6,16,16,1834,3063,Horizon Lunar Colony,FALSE
5b3575e50fb244731053f106,5b362fc7d358830fb8be2eb4,5b36329dd358830fb8be2eca,6,17,17,1835,3039,Nepal,FALSE
5b3575e50fb244731053f106,5b362fc7d358830fb8be2eb4,5b36329dd358830fb8be2eca,6,18,18,1836,3061,Volskaya Industries,FALSE
5b3575e50fb244731053f106,5b362fc7d358830fb8be2eb4,5b36329dd358830fb8be2eca,6,19,19,1837,3082,Ilios,FALSE
5b3575e50fb244731053f106,5b362fc7d358830fb8be2eb4,5b36329dd358830fb8be2eca,6,20,20,1838,3058,Eichenwalde,FALSE
5b3575e50fb244731053f106,5b362fc7d358830fb8be2eb4,5b36329dd358830fb8be2eca,6,21,21,1839,3078,Horizon Lunar Colony,FALSE
5b3575e50fb244731053f106,5b362fc7d358830fb8be2eb4,5b36329dd358830fb8be2eca,6,22,22,1840,3078,Temple of Anubis,FALSE
5b3575e50fb244731053f106,5b362fc7d358830fb8be2eb4,5b36329dd358830fb8be2eca,6,23,23,1841,3104,Route 66,FALSE
5b3575e50fb244731053f106,5b362fc7d358830fb8be2eb4,5b36329dd358830fb8be2eca,6,24,24,1842,3118,Volskaya Industries,FALSE
5b3575e50fb244731053f106,5b362fc7d358830fb8be2eb4,5b36329dd358830fb8be2eca,6,25,25,1843,3118,Eichenwalde,FALSE
5b3575e50fb244731053f106,5b362fc7d358830fb8be2eb4,5b36329dd358830fb8be2eca,6,26,26,1844,3143,Ilios,FALSE
5b3575e50fb244731053f106,5b362fc7d358830fb8be2eb4,5b36329dd358830fb8be2eca,6,27,27,1845,3110,Nepal,FALSE
5b3575e50fb244731053f106,5b362fc7d358830fb8be2eb4,5b36329dd358830fb8be2eca,6,28,28,1846,3084,Lijiang Tower,FALSE
5b3575e50fb244731053f106,5b362fc7d358830fb8be2eb4,5b36329dd358830fb8be2eca,6,29,29,1847,3060,Hanamura,FALSE
5b3575e50fb244731053f106,5b362fc7d358830fb8be2eb4,5b36329dd358830fb8be2eca,6,30,30,1848,3033,Dorado,FALSE
5b3575e50fb244731053f106,5b362fc7d358830fb8be2eb4,5b36329dd358830fb8be2eca,6,31,31,1849,3051,Oasis,FALSE
5b3575e50fb244731053f106,5b362fc7d358830fb8be2eb4,5b36329dd358830fb8be2eca,6,32,32,1850,3078,Hollywood,FALSE
5b3575e50fb244731053f106,5b362fc7d358830fb8be2eb4,5b36329dd358830fb8be2eca,6,33,33,1851,3101,Hanamura,FALSE
5b3575e50fb244731053f106,5b362fc7d358830fb8be2eb4,5b36329dd358830fb8be2eca,6,34,34,1852,3078,Dorado,FALSE
5b3575e50fb244731053f106,5b362fc7d358830fb8be2eb4,5b36329dd358830fb8be2eca,6,35,35,1853,3100,Temple of Anubis,FALSE
5b3575e50fb244731053f106,5b362fc7d358830fb8be2eb4,5b36329dd358830fb8be2eca,6,36,36,1854,3075,Volskaya Industries,FALSE
5b3575e50fb244731053f106,5b362fc7d358830fb8be2eb4,5b36329dd358830fb8be2eca,6,37,37,1855,3107,Numbani,FALSE
5b3575e50fb244731053f106,5b362fc7d358830fb8be2eb4,5b36329dd358830fb8be2eca,6,38,38,1856,3080,Watchpoint: Gibraltar,FALSE
5b3575e50fb244731053f106,5b362fc7d358830fb8be2eb4,5b36329dd358830fb8be2eca,6,39,39,1857,3102,Hollywood,FALSE
5b3575e50fb244731053f106,5b362fc7d358830fb8be2eb4,5b36329dd358830fb8be2eca,6,40,40,1858,3074,Lijiang Tower,FALSE
5b3575e50fb244731053f106,5b362fc7d358830fb8be2eb4,5b36329dd358830fb8be2eca,6,41,41,1859,3094,Ilios,FALSE
5b3575e50fb244731053f106,5b362fc7d358830fb8be2eb4,5b36329dd358830fb8be2eca,6,42,42,1860,3112,Hanamura,FALSE
5b3575e50fb244731053f106,5b362fc7d358830fb8be2eb4,5b36329dd358830fb8be2eca,6,43,43,1861,3137,Temple of Anubis,FALSE
5b3575e50fb244731053f106,5b362fc7d358830fb8be2eb4,5b36329dd358830fb8be2eca,6,44,44,1862,3111,King's Row,FALSE
5b3575e50fb244731053f106,5b362fc7d358830fb8be2eb4,5b36329dd358830fb8be2eca,6,45,45,1863,3083,Dorado,FALSE
5b3575e50fb244731053f106,5b362fc7d358830fb8be2eb4,5b36329dd358830fb8be2eca,6,46,46,1864,3106,Numbani,FALSE
5b3575e50fb244731053f106,5b362fc7d358830fb8be2eb4,5b36329dd358830fb8be2eca,6,47,47,1865,3131,Watchpoint: Gibraltar,FALSE
5b3575e50fb244731053f106,5b362fc7d358830fb8be2eb4,5b36329dd358830fb8be2eca,6,48,48,1866,3156,Hollywood,FALSE
5b3575e50fb244731053f106,5b362fc7d358830fb8be2eb4,5b36329dd358830fb8be2eca,6,49,49,1867,3185,Horizon Lunar Colony,FALSE
5b3575e50fb244731053f106,5b362fc7d358830fb8be2eb4,5b36329dd358830fb8be2eca,6,50,50,1868,3206,Route 66,FALSE
5b3575e50fb244731053f106,5b362fc7d358830fb8be2eb4,5b36329dd358830fb8be2eca,6,51,51,1869,3231,Dorado,FALSE
5b3575e50fb244731053f106,5b362fc7d358830fb8be2eb4,5b36329dd358830fb8be2eca,6,52,52,1870,3211,Horizon Lunar Colony,FALSE
5b3575e50fb244731053f106,5b362fc7d358830fb8be2eb4,5b36329dd358830fb8be2eca,6,53,53,1871,3186,Nepal,FALSE
5b3575e50fb244731053f106,5b362fc7d358830fb8be2eb4,5b36329dd358830fb8be2eca,6,54,54,1872,3211,Route 66,FALSE
5b3575e50fb244731053f106,5b362fc7d358830fb8be2eb4,5b36329dd358830fb8be2eca,6,55,55,1873,3187,Hanamura,FALSE
5b3575e50fb244731053f106,5b362fc7d358830fb8be2eb4,5b36329dd358830fb8be2eca,6,56,56,1874,3162,King's Row,FALSE
5b3575e50fb244731053f106,5b362fc7d358830fb8be2eb4,5b36329dd358830fb8be2eca,6,57,57,1875,3187,Horizon Lunar Colony,FALSE
5b3575e50fb244731053f106,5b362fc7d358830fb8be2eb4,5b36329dd358830fb8be2eca,6,58,58,1876,3164,Watchpoint: Gibraltar,FALSE
5b3575e50fb244731053f106,5b362fc7d358830fb8be2eb4,5b36329dd358830fb8be2eca,6,59,59,1877,3187,Temple of Anubis,FALSE
5b3575e50fb244731053f106,5b362fc7d358830fb8be2eb4,5b36329dd358830fb8be2eca,6,60,60,1878,3163,Dorado,FALSE
5b3575e50fb244731053f106,5b362fc7d358830fb8be2eb4,5b36329dd358830fb8be2eca,6,61,61,1879,3184,Temple of Anubis,FALSE
5b3575e50fb244731053f106,5b362fc7d358830fb8be2eb4,5b36329dd358830fb8be2eca,6,62,62,1880,3159,Route 66,FALSE
5b3575e50fb244731053f106,5b362fc7d358830fb8be2eb4,5b36329dd358830fb8be2eca,6,63,63,1881,3136,Ilios,FALSE
5b3575e50fb244731053f106,5b362fc7d358830fb8be2eb4,5b36329dd358830fb8be2eca,6,64,64,1882,3109,Volskaya Industries,FALSE
5b3575e50fb244731053f106,5b362fc7d358830fb8be2eb4,5b36329dd358830fb8be2eca,6,65,65,1883,3138,Lijiang Tower,FALSE
5b3575e50fb244731053f106,5b362fc7d358830fb8be2eb4,5b36329dd358830fb8be2eca,6,66,66,1884,3158,King's Row,FALSE
5b3575e50fb244731053f106,5b362fc7d358830fb8be2eb4,5b36329dd358830fb8be2eca,6,67,67,1885,3133,Watchpoint: Gibraltar,FALSE
5b3575e50fb244731053f106,5b362fc7d358830fb8be2eb4,5b36329dd358830fb8be2eca,6,68,68,1886,3109,Oasis,FALSE
5b3575e50fb244731053f106,5b362fc7d358830fb8be2eb4,5b36329dd358830fb8be2eca,6,69,69,1887,3140,Eichenwalde,FALSE
5b3575e50fb244731053f106,5b362fc7d358830fb8be2eb4,5b36329dd358830fb8be2eca,6,70,70,1888,3163,Dorado,FALSE
5b3575e50fb244731053f106,5b362fc7d358830fb8be2eb4,5b36329dd358830fb8be2eca,6,71,71,1889,3137,Dorado,FALSE
5b3575e50fb244731053f106,5b362fc7d358830fb8be2eb4,5b36329dd358830fb8be2eca,6,72,72,1890,3137,King's Row,FALSE
5b3575e50fb244731053f106,5b362fc7d358830fb8be2eb4,5b36329dd358830fb8be2eca,6,73,73,1891,3162,Lijiang Tower,FALSE
5b3575e50fb244731053f106,5b362fc7d358830fb8be2eb4,5b36329dd358830fb8be2eca,6,74,74,1892,3138,Hanamura,FALSE
5b3575e50fb244731053f106,5b362fc7d358830fb8be2eb4,5b36329dd358830fb8be2eca,6,75,75,1893,3161,Watchpoint: Gibraltar,FALSE
5b3575e50fb244731053f106,5b362fc7d358830fb8be2eb4,5b36329dd358830fb8be2eca,6,76,76,1894,3135,Oasis,FALSE
5b3575e50fb244731053f106,5b362fc7d358830fb8be2eb4,5b36329dd358830fb8be2eca,6,77,77,1895,3162,Temple of Anubis,FALSE
5b3575e50fb244731053f106,5b362fc7d358830fb8be2eb4,5b36329dd358830fb8be2eca,6,78,78,1896,3185,Hollywood,FALSE
5b3575e50fb244731053f106,5b362fc7d358830fb8be2eb4,5b36329dd358830fb8be2eca,6,79,79,1897,3207,Eichenwalde,FALSE
5b3575e50fb244731053f106,5b362fc7d358830fb8be2eb4,5b36329dd358830fb8be2eca,6,80,80,1898,3234,Numbani,FALSE
5b3575e50fb244731053f106,5b362fc7d358830fb8be2eb4,5b36329dd358830fb8be2eca,6,81,81,1899,3251,Nepal,FALSE
5b3575e50fb244731053f106,5b362fc7d358830fb8be2eb4,5b36329dd358830fb8be2eca,6,82,82,1900,3227,Ilios,FALSE
5b3575e50fb244731053f106,5b362fc7d358830fb8be2eb4,5b36329dd358830fb8be2eca,6,83,83,1901,3200,Route 66,FALSE
5b3575e50fb244731053f106,5b362fc7d358830fb8be2eb4,5b36329dd358830fb8be2eca,6,84,84,1902,3176,Eichenwalde,FALSE
5b3575e50fb244731053f106,5b362fc7d358830fb8be2eb4,5b36329dd358830fb8be2eca,6,85,85,1903,3194,Lijiang Tower,FALSE
5b3575e50fb244731053f106,5b362fc7d358830fb8be2eb4,5b36329dd358830fb8be2eca,6,86,86,1904,3167,Volskaya Industries,FALSE
5b3575e50fb244731053f106,5b362fc7d358830fb8be2eb4,5b36329dd358830fb8be2eca,6,87,87,1905,3142,Oasis,FALSE
5b3575e50fb244731053f106,5b362fc7d358830fb8be2eb4,5b36329dd358830fb8be2eca,6,88,88,1906,3165,Horizon Lunar Colony,FALSE
5b3575e50fb244731053f106,5b362fc7d358830fb8be2eb4,5b36329dd358830fb8be2eca,6,89,89,1907,3165,Hanamura,FALSE
5b3575e50fb244731053f106,5b362fc7d358830fb8be2eb4,5b36329dd358830fb8be2eca,6,90,90,1908,3138,Temple of Anubis,FALSE
5b3575e50fb244731053f106,5b362fc7d358830fb8be2eb4,5b36329dd358830fb8be2eca,6,91,91,1909,3162,King's Row,FALSE
5b3575e50fb244731053f106,5b362fc7d358830fb8be2eb4,5b36329dd358830fb8be2eca,6,92,92,1910,3135,Dorado,FALSE
5b3575e50fb244731053f106,5b362fc7d358830fb8be2eb4,5b36329dd358830fb8be2eca,6,93,93,1911,3156,Nepal,FALSE
5b3575e50fb244731053f106,5b362fc7d358830fb8be2eb4,5b36329dd358830fb8be2eca,6,94,94,1912,3175,Volskaya Industries,FALSE
5b3575e50fb244731053f106,5b362fc7d358830fb8be2eb4,5b36329dd358830fb8be2eca,6,95,95,1913,3143,Lijiang Tower,FALSE
5b3575e50fb244731053f106,5b362fc7d358830fb8be2eb4,5b36329dd358830fb8be2eca,6,96,96,1914,3120,Route 66,FALSE
5b3575e50fb244731053f106,5b362fc7d358830fb8be2eb4,5b36329dd358830fb8be2eca,6,97,97,1915,3093,Watchpoint: Gibraltar,FALSE
5b3575e50fb244731053f106,5b362fc7d358830fb8be2eb4,5b36329dd358830fb8be2eca,6,98,98,1916,3113,Eichenwalde,FALSE
5b3575e50fb244731053f106,5b362fc7d358830fb8be2eb4,5b36329dd358830fb8be2eca,6,99,99,1917,3113,Numbani,FALSE
5b3575e50fb244731053f106,5b362fc7d358830fb8be2eb4,5b36329dd358830fb8be2eca,6,100,100,1918,3128,Hanamura,FALSE
5b3575e50fb244731053f106,5b362fc7d358830fb8be2eb4,5b36329dd358830fb8be2eca,6,101,101,1919,3102,Hanamura,FALSE
5b3575e50fb244731053f106,5b362fc7d358830fb8be2eb4,5b36329dd358830fb8be2eca,6,102,102,1920,3079,Oasis,FALSE
5b3575e50fb244731053f106,5b362fc7d358830fb8be2eb4,5b36329dd358830fb8be2eca,6,103,103,1921,3100,Hollywood,FALSE
5b3575e50fb244731053f106,5b362fc7d358830fb8be2eb4,5b36329dd358830fb8be2eca,6,104,104,1922,3073,Ilios,FALSE
5b3575e50fb244731053f106,5b362fc7d358830fb8be2eb4,5b36329dd358830fb8be2eca,6,105,105,1923,3090,Nepal,FALSE
5b3575e50fb244731053f106,5b362fc7d358830fb8be2eb4,5b36329dd358830fb8be2eca,6,106,106,1924,3064,Watchpoint: Gibraltar,FALSE
5b3575e50fb244731053f106,5b362fc7d358830fb8be2eb4,5b36329dd358830fb8be2eca,6,107,107,1925,3085,Volskaya Industries,FALSE
5b3575e50fb244731053f106,5b362fc7d358830fb8be2eb4,5b36329dd358830fb8be2eca,6,108,108,1926,3106,Hollywood,FALSE
5b3575e50fb244731053f106,5b362fc7d358830fb8be2eb4,5b36329dd358830fb8be2eca,6,109,109,1927,3082,Route 66,FALSE
5b3575e50fb244731053f106,5b362fc7d358830fb8be2eb4,5b36329dd358830fb8be2eca,6,110,110,1928,3056,Dorado,FALSE
5b3575e50fb244731053f106,5b362fc7d358830fb8be2eb4,5b36329dd358830fb8be2eca,6,111,111,1929,3075,Ilios,FALSE
5b3575e50fb244731053f106,5b362fc7d358830fb8be2eb4,5b36329dd358830fb8be2eca,6,112,112,1930,3046,Lijiang Tower,FALSE
5b3575e50fb244731053f106,5b362fc7d358830fb8be2eb4,5b36329dd358830fb8be2eca,6,113,113,1931,3017,Hanamura,FALSE
5b3575e50fb244731053f106,5b362fc7d358830fb8be2eb4,5b36329dd358830fb8be2eca,6,114,114,1932,3041,Watchpoint: Gibraltar,FALSE
5b3575e50fb244731053f106,5b362fc7d358830fb8be2eb4,5b36329dd358830fb8be2eca,6,115,115,1933,3067,Eichenwalde,FALSE
5b3575e50fb244731053f106,5b362fc7d358830fb8be2eb4,5b36329dd358830fb8be2eca,6,116,116,1934,3087,King's Row,FALSE
5b3575e50fb244731053f106,5b362fc7d358830fb8be2eb4,5b36329dd358830fb8be2eca,6,117,117,1935,3110,Lijiang Tower,FALSE
5b3575e50fb244731053f106,5b362fc7d358830fb8be2eb4,5b36329dd358830fb8be2eca,6,118,118,1936,3087,Route 66,FALSE
5b3575e50fb244731053f106,5b362fc7d358830fb8be2eb4,5b36329dd358830fb8be2eca,6,119,119,1937,3061,Hanamura,FALSE
5b3575e50fb244731053f106,5b362fc7d358830fb8be2eb4,5b36329dd358830fb8be2eca,6,120,120,1938,3036,Dorado,FALSE
5b3575e50fb244731053f106,5b362fc7d358830fb8be2eb4,5b36329dd358830fb8be2eca,6,121,121,1939,3055,Temple of Anubis,FALSE
5b3575e50fb244731053f106,5b362fc7d358830fb8be2eb4,5b36329dd358830fb8be2eca,6,122,122,1940,3078,Hollywood,FALSE
5b3575e50fb244731053f106,5b362fc7d358830fb8be2eb4,5b36329dd358830fb8be2eca,6,123,123,1941,3100,Junkertown,FALSE
5b3575e50fb244731053f106,5b362fc7d358830fb8be2eb4,5b36329dd358830fb8be2eca,6,124,124,1942,3074,Oasis,FALSE
5b3575e50fb244731053f106,5b362fc7d358830fb8be2eb4,5b36329dd358830fb8be2eca,6,125,125,1943,3048,Dorado,FALSE
5b3575e50fb244731053f106,5b362fc7d358830fb8be2eb4,5b36329dd358830fb8be2eca,6,126,126,1944,3071,Numbani,FALSE
5b3575e50fb244731053f106,5b362fc7d358830fb8be2eb4,5b36329dd358830fb8be2eca,6,127,127,1945,3092,Watchpoint: Gibraltar,FALSE
5b3575e50fb244731053f106,5b362fc7d358830fb8be2eb4,5b36329dd358830fb8be2eca,6,128,128,1946,3114,King's Row,FALSE
5b3575e50fb244731053f106,5b362fc7d358830fb8be2eb4,5b36329dd358830fb8be2eca,6,129,129,1947,3085,Route 66,FALSE
5b3575e50fb244731053f106,5b362fc7d358830fb8be2eb4,5b36329dd358830fb8be2eca,6,130,130,1948,3060,Volskaya Industries,FALSE
5b3575e50fb244731053f106,5b362fc7d358830fb8be2eb4,5b36329dd358830fb8be2eca,6,131,131,1949,3060,Horizon Lunar Colony,FALSE
5b3575e50fb244731053f106,5b362fc7d358830fb8be2eb4,5b36329dd358830fb8be2eca,6,132,132,1950,3036,Hanamura,FALSE
5b3575e50fb244731053f106,5b362fc7d358830fb8be2eb4,5b36329dd358830fb8be2eca,6,133,133,1951,3012,Junkertown,FALSE
5b3575e50fb244731053f106,5b362fc7d358830fb8be2eb4,5b36329dd358830fb8be2eca,6,134,134,1952,2983,Watchpoint: Gibraltar,FALSE
5b3575e50fb244731053f106,5b362fc7d358830fb8be2eb4,5b36329dd358830fb8be2eca,6,135,135,1953,2951,Lijiang Tower,FALSE
5b3575e50fb244731053f106,5b362fc7d358830fb8be2eb4,5b36329dd358830fb8be2eca,6,136,136,1954,2921,Ilios,FALSE
5b3575e50fb244731053f106,5b362fc7d358830fb8be2eb4,5b36329dd358830fb8be2eca,6,137,137,1955,2898,King's Row,FALSE
5b3575e50fb244731053f106,5b362fc7d358830fb8be2eb4,5b36329dd358830fb8be2eca,6,138,138,1956,2923,Oasis,FALSE
5b3575e50fb244731053f106,5b362fc7d358830fb8be2eb4,5b36329dd358830fb8be2eca,6,139,139,1957,2899,Numbani,FALSE
5b3575e50fb244731053f106,5b362fc7d358830fb8be2eb4,5b36329dd358830fb8be2eca,6,140,140,1958,2871,Hollywood,FALSE
5b3575e50fb244731053f106,5b362fc7d358830fb8be2eb4,5b36329dd358830fb8be2eca,6,141,141,1959,2848,Nepal,FALSE
5b3575e50fb244731053f106,5b362fc7d358830fb8be2eb4,5b36329dd358830fb8be2eca,6,142,142,1960,2866,Horizon Lunar Colony,FALSE
5b3575e50fb244731053f106,5b362fc7d358830fb8be2eb4,5b36329dd358830fb8be2eca,6,143,143,1961,2891,Ilios,FALSE
5b3575e50fb244731053f106,5b362fc7d358830fb8be2eb4,5b36329dd358830fb8be2eca,6,144,144,1962,2913,Watchpoint: Gibraltar,FALSE
5b3575e50fb244731053f106,5b362fc7d358830fb8be2eb4,5b36329dd358830fb8be2eca,6,145,145,1963,2913,Hollywood,FALSE
5b3575e50fb244731053f106,5b362fc7d358830fb8be2eb4,5b36329dd358830fb8be2eca,6,146,146,1964,2939,Temple of Anubis,FALSE
5b3575e50fb244731053f106,5b362fc7d358830fb8be2eb4,5b36329dd358830fb8be2eca,6,147,147,1965,2965,Numbani,FALSE
5b3575e50fb244731053f106,5b362fc7d358830fb8be2eb4,5b36329dd358830fb8be2eca,6,148,148,1966,2939,Horizon Lunar Colony,FALSE
5b3575e50fb244731053f106,5b362fc7d358830fb8be2eb4,5b36329dd358830fb8be2eca,6,149,149,1967,2914,Junkertown,FALSE
5b3575e50fb244731053f106,5b362fc7d358830fb8be2eb4,5b36329dd358830fb8be2eca,6,150,150,1968,2937,Route 66,FALSE
5b3575e50fb244731053f106,5b362fc7d358830fb8be2eb4,5b36329dd358830fb8be2eca,6,151,151,1969,2961,Volskaya Industries,FALSE
5b3575e50fb244731053f106,5b362fc7d358830fb8be2eb4,5b36329dd358830fb8be2eca,6,152,152,1970,2984,Hollywood,FALSE
5b3575e50fb244731053f106,5b362fc7d358830fb8be2eb4,5b36329dd358830fb8be2eca,6,153,153,1971,2958,Dorado,FALSE
5b3575e50fb244731053f106,5b362fc7d358830fb8be2eb4,5b36329dd358830fb8be2eca,6,154,154,1972,2958,Hanamura,FALSE
5b3575e50fb244731053f106,5b362fc7d358830fb8be2eb4,5b36329dd358830fb8be2eca,6,155,155,1973,2979,Watchpoint: Gibraltar,FALSE
5b3575e50fb244731053f106,5b362fc7d358830fb8be2eb4,5b36329dd358830fb8be2eca,6,156,156,1974,3004,Lijiang Tower,FALSE
5b3575e50fb244731053f106,5b362fc7d358830fb8be2eb4,5b36329dd358830fb8be2eca,6,157,157,1975,2977,Hanamura,FALSE
5b3575e50fb244731053f106,5b362fc7d358830fb8be2eb4,5b36329dd358830fb8be2eca,6,158,158,1976,2950,Route 66,FALSE
5b3575e50fb244731053f106,5b362fc7d358830fb8be2eb4,5b36329dd358830fb8be2eca,6,159,159,1977,2927,Volskaya Industries,FALSE
5b3575e50fb244731053f106,5b362fc7d358830fb8be2eb4,5b36329dd358830fb8be2eca,6,160,160,1978,2952,Watchpoint: Gibraltar,FALSE
5b3575e50fb244731053f106,5b362fc7d358830fb8be2eb4,5b36329dd358830fb8be2eca,6,161,161,1979,2975,Numbani,FALSE
5b3575e50fb244731053f106,5b362fc7d358830fb8be2eb4,5b36329dd358830fb8be2eca,6,162,162,1980,2951,Horizon Lunar Colony,FALSE
5b3575e50fb244731053f106,5b362fc7d358830fb8be2eb4,5b36329dd358830fb8be2eca,6,163,163,1981,2933,Dorado,FALSE
5b3575e50fb244731053f106,5b362fc7d358830fb8be2eb4,5b36329dd358830fb8be2eca,6,164,164,1982,2910,Junkertown,FALSE
5b3575e50fb244731053f106,5b362fc7d358830fb8be2eb4,5b36329dd358830fb8be2eca,6,165,165,1983,2934,Oasis,FALSE
5b3575e50fb244731053f106,5b362fc7d358830fb8be2eb4,5b36329dd358830fb8be2eca,6,166,166,1984,2955,Hanamura,FALSE
5b3575e50fb244731053f106,5b362fc7d358830fb8be2eb4,5b36329dd358830fb8be2eca,6,167,167,1985,2977,King's Row,FALSE
5b3575e50fb244731053f106,5b362fc7d358830fb8be2eb4,5b36329dd358830fb8be2eca,6,168,168,1986,2953,Horizon Lunar Colony,FALSE
5b3575e50fb244731053f106,5b362fc7d358830fb8be2eb4,5b36329dd358830fb8be2eca,6,169,169,1987,2932,Route 66,FALSE
5b3575e50fb244731053f106,5b362fc7d358830fb8be2eb4,5b36329dd358830fb8be2eca,6,170,170,1988,2950,Nepal,FALSE
5b3575e50fb244731053f106,5b362fc7d358830fb8be2eb4,5b36329dd358830fb8be2eca,6,171,171,1989,2971,Junkertown,FALSE
5b3575e50fb244731053f106,5b362fc7d358830fb8be2eb4,5b36329dd358830fb8be2eca,6,172,172,1990,2993,Hollywood,FALSE
5b3575e50fb244731053f106,5b362fc7d358830fb8be2eb4,5b36329dd358830fb8be2eca,6,173,173,1991,3012,Temple of Anubis,FALSE
5b3575e50fb244731053f106,5b362fc7d358830fb8be2eb4,5b36329dd358830fb8be2eca,6,174,174,1992,3031,Oasis,FALSE
5b3575e50fb244731053f106,5b362fc7d358830fb8be2eb4,5b36329dd358830fb8be2eca,6,175,175,1993,3007,Lijiang Tower,FALSE
5b3575e50fb244731053f106,5b362fc7d358830fb8be2eb4,5b36329dd358830fb8be2eca,6,176,176,1994,2983,Eichenwalde,FALSE
5b3575e50fb244731053f106,5b362fc7d358830fb8be2eb4,5b36329dd358830fb8be2eca,6,177,177,1995,3002,Volskaya Industries,FALSE
5b3575e50fb244731053f106,5b362fc7d358830fb8be2eb4,5b36329dd358830fb8be2eca,6,178,178,1996,3023,Hanamura,FALSE
5b3575e50fb244731053f106,5b362fc7d358830fb8be2eb4,5b36329dd358830fb8be2eca,6,179,179,1997,2996,Numbani,FALSE
5b3575e50fb244731053f106,5b362fc7d358830fb8be2eb4,5b36329dd358830fb8be2eca,6,180,180,1998,3020,Nepal,FALSE
5b3575e50fb244731053f106,5b362fc7d358830fb8be2eb4,5b36329dd358830fb8be2eca,6,181,181,1999,3020,Horizon Lunar Colony,FALSE
5b3575e50fb244731053f106,5b362fc7d358830fb8be2eb4,5b36329dd358830fb8be2eca,6,182,182,2000,3042,Watchpoint: Gibraltar,FALSE
5b3575e50fb244731053f106,5b362fc7d358830fb8be2eb4,5b36329dd358830fb8be2eca,6,183,183,2001,3017,Lijiang Tower,FALSE
5b3575e50fb244731053f106,5b362fc7d358830fb8be2eb4,5b36329dd358830fb8be2eca,6,184,184,2002,3037,Route 66,FALSE
5b3575e50fb244731053f106,5b362fc7d358830fb8be2eb4,5b36329dd358830fb8be2eca,6,185,185,2003,3058,Volskaya Industries,FALSE
5b3575e50fb244731053f106,5b362fc7d358830fb8be2eb4,5b36329dd358830fb8be2eca,6,186,186,2004,3087,Oasis,FALSE
5b3575e50fb244731053f106,5b362fc7d358830fb8be2eb4,5b36329dd358830fb8be2eca,6,187,187,2005,3113,Eichenwalde,FALSE
5b3575e50fb244731053f106,5b362fc7d358830fb8be2eb4,5b36329dd358830fb8be2eca,6,188,188,2006,3113,Numbani,FALSE
5b3575e50fb244731053f106,5b362fc7d358830fb8be2eb4,5b36329dd358830fb8be2eca,6,189,189,2007,3088,King's Row,FALSE
5b3575e50fb244731053f106,5b362fc7d358830fb8be2eb4,5b36329dd358830fb8be2eca,6,190,190,2008,3113,Hanamura,FALSE
5b3575e50fb244731053f106,5b362fc7d358830fb8be2eb4,5b36329dd358830fb8be2eca,6,191,191,2009,3139,Ilios,FALSE
5b3575e50fb244731053f106,5b362fc7d358830fb8be2eb4,5b36329dd358830fb8be2eca,6,192,192,2010,3163,Hanamura,FALSE
5b3575e50fb244731053f106,5b362fc7d358830fb8be2eb4,5b36329dd358830fb8be2eca,6,193,193,2011,3184,Watchpoint: Gibraltar,FALSE
5b3575e50fb244731053f106,5b362fc7d358830fb8be2eb4,5b36329dd358830fb8be2eca,6,194,194,2012,3206,Route 66,FALSE
5b3575e50fb244731053f106,5b362fc7d358830fb8be2eb4,5b36329dd358830fb8be2eca,6,195,195,2013,3206,Volskaya Industries,FALSE
5b3575e50fb244731053f106,5b362fc7d358830fb8be2eb4,5b36329dd358830fb8be2eca,6,196,196,2014,3182,Eichenwalde,FALSE
5b3575e50fb244731053f106,5b362fc7d358830fb8be2eb4,5b36329dd358830fb8be2eca,6,197,197,2015,3201,Nepal,FALSE
5b3575e50fb244731053f106,5b362fc7d358830fb8be2eb4,5b36329dd358830fb8be2eca,6,198,198,2016,3220,Temple of Anubis,FALSE
5b3575e50fb244731053f106,5b362fc7d358830fb8be2eb4,5b36329dd358830fb8be2eca,6,199,199,2017,3191,Horizon Lunar Colony,FALSE
5b3575e50fb244731053f106,5b362fc7d358830fb8be2eb4,5b36329dd358830fb8be2eca,6,200,200,2018,3164,Numbani,FALSE
5b3575e50fb244731053f106,5b362fc7d358830fb8be2eb4,5b36329dd358830fb8be2eca,6,201,201,2019,3138,Lijiang Tower,FALSE
5b3575e50fb244731053f106,5b362fc7d358830fb8be2eb4,5b36329dd358830fb8be2eca,6,202,202,2020,3165,Dorado,FALSE
5b3575e50fb244731053f106,5b362fc7d358830fb8be2eb4,5b36329dd358830fb8be2eca,6,203,203,2021,3141,Ilios,FALSE
5b3575e50fb244731053f106,5b362fc7d358830fb8be2eb4,5b36329dd358830fb8be2eca,6,204,204,2022,3167,Volskaya Industries,FALSE
5b3575e50fb244731053f106,5b362fc7d358830fb8be2eb4,5b36329dd358830fb8be2eca,6,205,205,2023,3191,Route 66,FALSE
5b3575e50fb244731053f106,5b362fc7d358830fb8be2eb4,5b36329dd358830fb8be2eca,6,206,206,2024,3218,Hanamura,FALSE
5b3575e50fb244731053f106,5b362fc7d358830fb8be2eb4,5b36329dd358830fb8be2eca,6,207,207,2025,3191,Numbani,FALSE
5b3575e50fb244731053f106,5b362fc7d358830fb8be2eb4,5b36329dd358830fb8be2eca,6,208,208,2026,3167,Oasis,FALSE
5b3575e50fb244731053f106,5b362fc7d358830fb8be2eb4,5b36329dd358830fb8be2eca,6,209,209,2027,3142,Watchpoint: Gibraltar,FALSE
5b3575e50fb244731053f106,5b362fc7d358830fb8be2eb4,5b36329dd358830fb8be2eca,6,210,210,2028,3168,Hollywood,FALSE
5b3575e50fb244731053f106,5b362fc7d358830fb8be2eb4,5b36329dd358830fb8be2eca,6,211,211,2029,3149,King's Row,FALSE
5b3575e50fb244731053f106,5b362fc7d358830fb8be2eb4,5b36329dd358830fb8be2eca,6,212,212,2030,3167,Dorado,FALSE
5b3575e50fb244731053f106,5b362fc7d358830fb8be2eb4,5b36329dd358830fb8be2eca,6,213,213,2031,3146,Numbani,FALSE
5b3575e50fb244731053f106,5b362fc7d358830fb8be2eb4,5b36329dd358830fb8be2eca,6,214,214,2032,3120,Volskaya Industries,FALSE
5b3575e50fb244731053f106,5b362fc7d358830fb8be2eb4,5b36329dd358830fb8be2eca,6,215,215,2033,3096,Junkertown,FALSE
5b3575e50fb244731053f106,5b362fc7d358830fb8be2eb4,5b36329dd358830fb8be2eca,6,216,216,2034,3119,Hanamura,FALSE
5b3575e50fb244731053f106,5b362fc7d358830fb8be2eb4,5b36329dd358830fb8be2eca,6,217,217,2035,3139,Watchpoint: Gibraltar,FALSE
5b3575e50fb244731053f106,5b362fc7d358830fb8be2eb4,5b36329dd358830fb8be2eca,6,218,218,2036,3159,Route 66,FALSE
5b3575e50fb244731053f106,5b362fc7d358830fb8be2eb4,5b36329dd358830fb8be2eca,6,219,219,2037,3184,Temple of Anubis,FALSE
5b3575e50fb244731053f106,5b362fc7d358830fb8be2eb4,5b36329dd358830fb8be2eca,6,220,220,2038,3156,Lijiang Tower,FALSE
5b3575e50fb244731053f106,5b362fc7d358830fb8be2eb4,5b36329dd358830fb8be2eca,6,221,221,2039,3135,Lijiang Tower,FALSE
5b3575e50fb244731053f106,5b362fc7d358830fb8be2eb4,5b36329dd358830fb8be2eca,6,222,222,2040,3105,Hollywood,FALSE
5b3575e50fb244731053f106,5b362fc7d358830fb8be2eb4,5b36329dd358830fb8be2eca,6,223,223,2041,3124,Junkertown,FALSE
5b3575e50fb244731053f106,5b362fc7d358830fb8be2eb4,5b36329dd358830fb8be2eca,6,224,224,2042,3094,Nepal,FALSE
5b3575e50fb244731053f106,5b362fc7d358830fb8be2eb4,5b36329dd358830fb8be2eca,6,225,225,2043,3120,Volskaya Industries,FALSE
5b3575e50fb244731053f106,5b362fc7d358830fb8be2eb4,5b36329dd358830fb8be2eca,6,226,226,2044,3143,Dorado,FALSE
5b3575e50fb244731053f106,5b362fc7d358830fb8be2eb4,5b36329dd358830fb8be2eca,6,227,227,2045,3168,Ilios,FALSE
5b3575e50fb244731053f106,5b362fc7d358830fb8be2eb4,5b36329dd358830fb8be2eca,6,228,228,2046,3189,Hanamura,FALSE
5b3575e50fb244731053f106,5b362fc7d358830fb8be2eb4,5b36329dd358830fb8be2eca,6,229,229,2047,3165,Eichenwalde,FALSE
5b3575e50fb244731053f106,5b362fc7d358830fb8be2eb4,5b36329dd358830fb8be2eca,6,230,230,2048,3189,Watchpoint: Gibraltar,FALSE
5b3575e50fb244731053f106,5b362fc7d358830fb8be2eb4,5b36329dd358830fb8be2eca,6,231,231,2049,3161,Watchpoint: Gibraltar,FALSE
5b3575e50fb244731053f106,5b362fc7d358830fb8be2eb4,5b36329dd358830fb8be2eca,6,232,232,2050,3135,Oasis,FALSE
5b3575e50fb244731053f106,5b362fc7d358830fb8be2eb4,5b36329dd358830fb8be2eca,6,233,233,2051,3149,Route 66,FALSE
5b3575e50fb244731053f106,5b362fc7d358830fb8be2eb4,5b36329dd358830fb8be2eca,6,234,234,2052,3122,Nepal,FALSE
5b3575e50fb244731053f106,5b362fc7d358830fb8be2eb4,5b36329dd358830fb8be2eca,6,235,235,2053,3096,Horizon Lunar Colony,FALSE
5b3575e50fb244731053f106,5b362fc7d358830fb8be2eb4,5b36329dd358830fb8be2eca,6,236,236,2054,3068,Numbani,FALSE
5b3575e50fb244731053f106,5b362fc7d358830fb8be2eb4,5b36329dd358830fb8be2eca,6,237,237,2055,3038,Hollywood,FALSE
5b3575e50fb244731053f106,5b362fc7d358830fb8be2eb4,5b36329dd358830fb8be2eca,6,238,238,2056,3057,Eichenwalde,FALSE
5b3575e50fb244731053f106,5b362fc7d358830fb8be2eb4,5b36329dd358830fb8be2eca,6,239,239,2057,3057,Hanamura,FALSE
5b3575e50fb244731053f106,5b362fc7d358830fb8be2eb4,5b36329dd358830fb8be2eca,6,240,240,2058,3081,Nepal,FALSE
5b3575e50fb244731053f106,5b362fc7d358830fb8be2eb4,5b36329dd358830fb8be2eca,6,241,241,2059,3059,Watchpoint: Gibraltar,FALSE
5b3575e50fb244731053f106,5b362fc7d358830fb8be2eb4,5b36329dd358830fb8be2eca,6,242,242,2060,3037,Temple of Anubis,FALSE
5b3575e50fb244731053f106,5b362fc7d358830fb8be2eb4,5b36329dd358830fb8be2eca,6,243,243,2061,3019,King's Row,FALSE
5b3575e50fb244731053f106,5b362fc7d358830fb8be2eb4,5b36329dd358830fb8be2eca,6,244,244,2062,3036,Oasis,FALSE
5b3575e50fb244731053f106,5b362fc7d358830fb8be2eb4,5b36329dd358830fb8be2eca,6,245,245,2063,3061,Volskaya Industries,FALSE
5b3575e50fb244731053f106,5b362fc7d358830fb8be2eb4,5b36329dd358830fb8be2eca,6,246,246,2064,3081,Ilios,FALSE
5b3575e50fb244731053f106,5b362fc7d358830fb8be2eb4,5b36329dd358830fb8be2eca,6,247,247,2065,3031,,FALSE
5b3575e50fb244731053f106,5b362fc7d358830fb8be2eb4,5b36329dd358830fb8be2eca,6,248,248,2066,3058,Lijiang Tower,FALSE
5b3575e50fb244731053f106,5b362fc7d358830fb8be2eb4,5b36329dd358830fb8be2eca,6,249,249,2067,3036,Hanamura,FALSE
5b3575e50fb244731053f106,5b362fc7d358830fb8be2eb4,5b36329dd358830fb8be2eca,6,250,250,2068,3015,Numbani,FALSE
5b3575e50fb244731053f106,5b362fc7d358830fb8be2eb4,5b36329dd358830fb8be2eca,6,251,251,2069,3041,Hollywood,FALSE
5b3575e50fb244731053f106,5b362fc7d358830fb8be2eb4,5b36329dd358830fb8be2eca,6,252,252,2070,3070,Volskaya Industries,FALSE
5b3575e50fb244731053f106,5b362fc7d358830fb8be2eb4,5b36329dd358830fb8be2eca,6,253,253,2071,3098,Horizon Lunar Colony,FALSE
5b3575e50fb244731053f106,5b362fc7d358830fb8be2eb4,5b36329dd358830fb8be2eca,6,254,254,2072,3073,Dorado,FALSE
5b3575e50fb244731053f106,5b362fc7d358830fb8be2eb4,5b36329dd358830fb8be2eca,6,255,255,2073,3101,Hollywood,FALSE
5b3575e50fb244731053f106,5b362fc7d358830fb8be2eb4,5b36329dd358830fb8be2eca,6,256,256,2074,3078,Junkertown,FALSE
5b3575e50fb244731053f106,5b362fc7d358830fb8be2eb4,5b36329dd358830fb8be2eca,6,257,257,2075,3056,Oasis,FALSE
5b3575e50fb244731053f106,5b362fc7d358830fb8be2eb4,5b36329dd358830fb8be2eca,6,258,258,2076,3034,Route 66,FALSE
5b3575e50fb244731053f106,5b362fc7d358830fb8be2eb4,5b36329dd358830fb8be2eca,6,259,259,2077,3034,Temple of Anubis,FALSE
5b3575e50fb244731053f106,5b362fc7d358830fb8be2eb4,5b36329dd358830fb8be2eca,6,260,260,2078,3060,Nepal,FALSE
5b3575e50fb244731053f106,5b362fc7d358830fb8be2eb4,5b36329dd358830fb8be2eca,6,261,261,2079,3037,Numbani,FALSE
5b3575e50fb244731053f106,5b362fc7d358830fb8be2eb4,5b36329dd358830fb8be2eca,6,262,262,2080,3064,Hanamura,FALSE
5b3575e50fb244731053f106,5b362fc7d358830fb8be2eb4,5b36329dd358830fb8be2eca,6,263,263,2081,3094,Lijiang Tower,FALSE
5b3575e50fb244731053f106,5b362fc7d358830fb8be2eb4,5b36329dd358830fb8be2eca,6,264,264,2082,3114,King's Row,FALSE
5b3575e50fb244731053f106,5b362fc7d358830fb8be2eb4,5b36329dd358830fb8be2eca,6,265,265,2083,3089,Temple of Anubis,FALSE
5b3575e50fb244731053f106,5b362fc7d358830fb8be2eb4,5b36329dd358830fb8be2eca,6,266,266,2084,3111,Watchpoint: Gibraltar,FALSE
5b3575e50fb244731053f106,5b362fc7d358830fb8be2eb4,5b36329dd358830fb8be2eca,6,267,267,2085,3132,Nepal,FALSE
5b3575e50fb244731053f106,5b362fc7d358830fb8be2eb4,5b36329dd358830fb8be2eca,6,268,268,2086,3154,Eichenwalde,FALSE
5b3575e50fb244731053f106,5b362fc7d358830fb8be2eb4,5b36329dd358830fb8be2eca,6,269,269,2087,3179,Hollywood,FALSE
5b3575e50fb244731053f106,5b362fc7d358830fb8be2eb4,5b36329dd358830fb8be2eca,6,270,270,2088,3202,Route 66,FALSE
5b3575e50fb244731053f106,5b362fc7d358830fb8be2eb4,5b36329dd358830fb8be2eca,6,271,271,2089,3223,Eichenwalde,FALSE
5b3575e50fb244731053f106,5b362fc7d358830fb8be2eb4,5b36329dd358830fb8be2eca,6,272,272,2090,3199,King's Row,FALSE
5b3575e50fb244731053f106,5b362fc7d358830fb8be2eb4,5b36329dd358830fb8be2eca,6,273,273,2091,3172,Oasis,FALSE
5b3575e50fb244731053f106,5b362fc7d358830fb8be2eb4,5b36329dd358830fb8be2eca,6,274,274,2092,3200,Hanamura,FALSE
5b3575e50fb244731053f106,5b362fc7d358830fb8be2eb4,5b36329dd358830fb8be2eca,6,275,275,2093,3176,Route 66,FALSE
5b3575e50fb244731053f106,5b362fc7d358830fb8be2eb4,5b36329dd358830fb8be2eca,6,276,276,2094,3197,Eichenwalde,FALSE
5b3575e50fb244731053f106,5b362fc7d358830fb8be2eb4,5b36329dd358830fb8be2eca,6,277,277,2095,3172,Numbani,FALSE
5b3575e50fb244731053f106,5b362fc7d358830fb8be2eb4,5b36329dd358830fb8be2eca,6,278,278,2096,3152,Hollywood,FALSE
5b3575e50fb244731053f106,5b362fc7d358830fb8be2eb4,5b36329dd358830fb8be2eca,6,279,279,2097,3177,Junkertown,FALSE
5b3575e50fb244731053f106,5b362fc7d358830fb8be2eb4,5b36329dd358830fb8be2eca,6,280,280,2098,3200,Ilios,FALSE
5b3575e50fb244731053f106,5b362fc7d358830fb8be2eb4,5b36329dd358830fb8be2eca,6,281,281,2099,3226,Horizon Lunar Colony,FALSE
5b3575e50fb244731053f106,5b362fc7d358830fb8be2eb4,5b36329dd358830fb8be2eca,6,282,282,2100,3250,Route 66,FALSE
5b3575e50fb244731053f106,5b362fc7d358830fb8be2eb4,5b36329dd358830fb8be2eca,6,283,283,2101,3227,King's Row,FALSE
5b3575e50fb244731053f106,5b362fc7d358830fb8be2eb4,5b36329dd358830fb8be2eca,6,284,284,2102,3200,Numbani,FALSE
5b3575e50fb244731053f106,5b362fc7d358830fb8be2eb4,5b36329dd358830fb8be2eca,6,285,285,2103,3177,Hollywood,FALSE
5b3575e50fb244731053f106,5b362fc7d358830fb8be2eb4,5b36329dd358830fb8be2eca,6,286,286,2104,3197,Oasis,FALSE
5b3575e50fb244731053f106,5b362fc7d358830fb8be2eb4,5b36329dd358830fb8be2eca,6,287,287,2105,3176,Dorado,FALSE
5b3575e50fb244731053f106,5b362fc7d358830fb8be2eb4,5b36329dd358830fb8be2eca,6,288,288,2106,3151,Hanamura,FALSE
5b3575e50fb244731053f106,5b362fc7d358830fb8be2eb4,5b36329dd358830fb8be2eca,6,289,289,2107,3173,Nepal,FALSE
5b3575e50fb244731053f106,5b362fc7d358830fb8be2eb4,5b36329dd358830fb8be2eca,6,290,290,2108,3153,Lijiang Tower,FALSE
5b3575e50fb244731053f106,5b362fc7d358830fb8be2eb4,5b36329dd358830fb8be2eca,6,291,291,2109,3129,Temple of Anubis,FALSE
5b3575e50fb244731053f106,5b362fc7d358830fb8be2eb4,5b36329dd358830fb8be2eca,6,292,292,2110,3104,Junkertown,FALSE
5b3575e50fb244731053f106,5b362fc7d358830fb8be2eb4,5b36329dd358830fb8be2eca,6,293,293,2111,3127,Watchpoint: Gibraltar,FALSE
5b3575e50fb244731053f106,5b362fc7d358830fb8be2eb4,5b36329dd358830fb8be2eca,6,294,294,2112,3103,Volskaya Industries,FALSE
5b3575e50fb244731053f106,5b362fc7d358830fb8be2eb4,5b36329dd358830fb8be2eca,6,295,295,2113,3082,Horizon Lunar Colony,FALSE
5b3575e50fb244731053f106,5b362fc7d358830fb8be2eb4,5b36329dd358830fb8be2eca,6,296,296,2114,3059,Junkertown,FALSE
5b3575e50fb244731053f106,5b362fc7d358830fb8be2eb4,5b36329dd358830fb8be2eca,6,297,297,2115,3078,Ilios,FALSE
5b3575e50fb244731053f106,5b362fc7d358830fb8be2eb4,5b36329dd358830fb8be2eca,6,298,298,2116,3102,Eichenwalde,FALSE
5b3575e50fb244731053f106,5b362fc7d358830fb8be2eb4,5b36329dd358830fb8be2eca,6,299,299,2117,3125,Route 66,FALSE
5b3575e50fb244731053f106,5b362fc7d358830fb8be2eb4,5b36329dd358830fb8be2eca,6,300,300,2118,3150,Horizon Lunar Colony,FALSE
5b3575e50fb244731053f106,5b362fc7d358830fb8be2eb4,5b36329dd358830fb8be2eca,6,301,301,2119,3126,Nepal,FALSE
5b3575e50fb244731053f106,5b362fc7d358830fb8be2eb4,5b36329dd358830fb8be2eca,6,302,302,2120,3104,Numbani,FALSE
5b3575e50fb244731053f106,5b362fc7d358830fb8be2eb4,5b36329dd358830fb8be2eca,6,303,303,2121,3083,Eichenwalde,FALSE
5b3575e50fb244731053f106,5b362fc7d358830fb8be2eb4,5b36329dd358830fb8be2eca,6,304,304,2122,3058,Hollywood,FALSE
5b3575e50fb244731053f106,5b362fc7d358830fb8be2eb4,5b36329dd358830fb8be2eca,6,305,305,2123,3028,Watchpoint: Gibraltar,FALSE
5b3575e50fb244731053f106,5b362fc7d358830fb8be2eb4,5b36329dd358830fb8be2eca,6,306,306,2124,3003,Oasis,FALSE
5b3575e50fb244731053f106,5b362fc7d358830fb8be2eb4,5b36329dd358830fb8be2eca,6,307,307,2125,2980,Volskaya Industries,FALSE
5b3575e50fb244731053f106,5b362fc7d358830fb8be2eb4,5b36329dd358830fb8be2eca,6,308,308,2126,3003,Ilios,FALSE
5b3575e50fb244731053f106,5b362fc7d358830fb8be2eb4,5b36329dd358830fb8be2eca,6,309,309,2127,3023,Horizon Lunar Colony,FALSE
5b3575e50fb244731053f106,5b362fc7d358830fb8be2eb4,5b36329dd358830fb8be2eca,6,310,310,2128,3041,King's Row,FALSE
5b3575e50fb244731053f106,5b362fc7d358830fb8be2eb4,5b36329dd358830fb8be2eca,6,311,311,2129,3060,Ilios,FALSE
5b3575e50fb244731053f106,5b362fc7d358830fb8be2eb4,5b36329dd358830fb8be2eca,6,312,312,2130,3038,Dorado,FALSE
5b3575e50fb244731053f106,5b362fc7d358830fb8be2eb4,5b36329dd358830fb8be2eca,6,313,313,2131,3060,Watchpoint: Gibraltar,FALSE
5b3575e50fb244731053f106,5b362fc7d358830fb8be2eb4,5b36329dd358830fb8be2eca,6,314,314,2132,3084,Junkertown,FALSE
5b3575e50fb244731053f106,5b362fc7d358830fb8be2eb4,5b36329dd358830fb8be2eca,6,315,315,2133,3059,Route 66,FALSE
5b3575e50fb244731053f106,5b362fc7d358830fb8be2eb4,5b36329dd358830fb8be2eca,6,316,316,2134,3082,Hanamura,FALSE
5b3575e50fb244731053f106,5b362fc7d358830fb8be2eb4,5b36329dd358830fb8be2eca,6,317,317,2135,3061,Nepal,FALSE
5b3575e50fb244731053f106,5b362fc7d358830fb8be2eb4,5b36329dd358830fb8be2eca,6,318,318,2136,3037,Temple of Anubis,FALSE
5b3575e50fb244731053f106,5b362fc7d358830fb8be2eb4,5b36329dd358830fb8be2eca,6,319,319,2137,3061,Lijiang Tower,FALSE
5b3575e50fb244731053f106,5b362fc7d358830fb8be2eb4,5b36329dd358830fb8be2eca,6,320,320,2138,3082,Oasis,FALSE
5b3575e50fb244731053f106,5b362fc7d358830fb8be2eb4,5b36329dd358830fb8be2eca,6,321,321,2139,3055,Horizon Lunar Colony,FALSE
5b3575e50fb244731053f106,5b362fc7d358830fb8be2eb4,5b36329dd358830fb8be2eca,6,322,322,2140,3033,Hanamura,FALSE
5b3575e50fb244731053f106,5b362fc7d358830fb8be2eb4,5b36329dd358830fb8be2eca,6,323,323,2141,3054,Watchpoint: Gibraltar,FALSE
5b3575e50fb244731053f106,5b362fc7d358830fb8be2eb4,5b36329dd358830fb8be2eca,6,324,324,2142,3027,Lijiang Tower,FALSE
5b3575e50fb244731053f106,5b362fc7d358830fb8be2eb4,5b36329dd358830fb8be2eca,6,325,325,2143,3051,Route 66,FALSE
5b3575e50fb244731053f106,5b362fc7d358830fb8be2eb4,5b36329dd358830fb8be2eca,6,326,326,2144,3075,Junkertown,FALSE
5b3575e50fb244731053f106,5b362fc7d358830fb8be2eb4,5b36329dd358830fb8be2eca,6,327,327,2145,3103,Numbani,FALSE
5b3575e50fb244731053f106,5b362fc7d358830fb8be2eb4,5b36329dd358830fb8be2eca,6,328,328,2146,3123,Temple of Anubis,FALSE
5b3575e50fb244731053f106,5b362fc7d358830fb8be2eb4,5b36329dd358830fb8be2eca,6,329,329,2147,3148,Horizon Lunar Colony,FALSE
5b3575e50fb244731053f106,5b362fc7d358830fb8be2eb4,5b36329dd358830fb8be2eca,6,330,330,2148,3121,Nepal,FALSE
5b3575e50fb244731053f106,5b362fc7d358830fb8be2eb4,5b36329dd358830fb8be2eca,6,331,331,2149,3094,Oasis,FALSE
5b3575e50fb244731053f106,5b362fc7d358830fb8be2eb4,5b36329dd358830fb8be2eca,6,332,332,2150,3065,Horizon Lunar Colony,FALSE
5b3575e50fb244731053f106,5b362fc7d358830fb8be2eb4,5b36329dd358830fb8be2eca,6,333,333,2151,3084,Nepal,FALSE
5b3575e50fb244731053f106,5b362fc7d358830fb8be2eb4,5b36329dd358830fb8be2eca,6,334,334,2152,3061,Numbani,FALSE
5b3575e50fb244731053f106,5b362fc7d358830fb8be2eb4,5b36329dd358830fb8be2eca,6,335,335,2153,3091,Volskaya Industries,FALSE
5b3575e50fb244731053f106,5b362fc7d358830fb8be2eb4,5b36329dd358830fb8be2eca,6,336,336,2154,3111,Route 66,FALSE
5b3575e50fb244731053f106,5b362fc7d358830fb8be2eb4,5b36329dd358830fb8be2eca,6,337,337,2155,3089,Horizon Lunar Colony,FALSE
5b3575e50fb244731053f106,5b362fc7d358830fb8be2eb4,5b36329dd358830fb8be2eca,6,338,338,2156,3062,Ilios,FALSE
5b3575e50fb244731053f106,5b362fc7d358830fb8be2eb4,5b36329dd358830fb8be2eca,6,339,339,2157,3037,Temple of Anubis,FALSE
5b3575e50fb244731053f106,5b362fc7d358830fb8be2eb4,5b36329dd358830fb8be2eca,6,340,340,2158,3061,Oasis,FALSE
5b3575e50fb244731053f106,5b362fc7d358830fb8be2eb4,5b36329dd358830fb8be2eca,6,341,341,2159,3038,Ilios,FALSE
5b3575e50fb244731053f106,5b362fc7d358830fb8be2eb4,5b36329dd358830fb8be2eca,6,342,342,2160,3014,Junkertown,FALSE
5b3575e50fb244731053f106,5b362fc7d358830fb8be2eb4,5b36329dd358830fb8be2eca,6,343,343,2161,3014,Volskaya Industries,FALSE
5b3575e50fb244731053f106,5b362fc7d358830fb8be2eb4,5b36329dd358830fb8be2eca,6,344,344,2162,3038,Numbani,FALSE
5b3575e50fb244731053f106,5b362fc7d358830fb8be2eb4,5b36329dd358830fb8be2eca,6,345,345,2163,3016,Hanamura,FALSE
5b3575e50fb244731053f106,5b362fc7d358830fb8be2eb4,5b36329dd358830fb8be2eca,6,346,346,2164,2992,Numbani,FALSE
5b3575e50fb244731053f106,5b362fc7d358830fb8be2eb4,5b36329dd358830fb8be2eca,6,347,347,2165,2970,Temple of Anubis,FALSE
5b3575e50fb244731053f106,5b362fc7d358830fb8be2eb4,5b36329dd358830fb8be2eca,6,348,348,2166,2946,Eichenwalde,FALSE
5b3575e50fb244731053f106,5b362fc7d358830fb8be2eb4,5b36329dd358830fb8be2eca,6,349,349,2167,2969,Watchpoint: Gibraltar,FALSE
5b3575e50fb244731053f106,5b362fc7d358830fb8be2eb4,5b36329dd358830fb8be2eca,6,350,350,2168,2989,Junkertown,FALSE
5b3575e50fb244731053f106,5b362fc7d358830fb8be2eb4,5b36329dd358830fb8be2eca,6,351,351,2169,2967,Horizon Lunar Colony,FALSE
5b3575e50fb244731053f106,5b362fc7d358830fb8be2eb4,5b36329dd358830fb8be2eca,6,352,352,2170,2943,Route 66,FALSE
5b3575e50fb244731053f106,5b362fc7d358830fb8be2eb4,5b36329dd358830fb8be2eca,6,353,353,2171,2970,Lijiang Tower,FALSE
5b3575e50fb244731053f106,5b362fc7d358830fb8be2eb4,5b36329dd358830fb8be2eca,6,354,354,2172,3000,Temple of Anubis,FALSE
5b3575e50fb244731053f106,5b362fc7d358830fb8be2eb4,5b36329dd358830fb8be2eca,6,355,355,2173,3022,Hanamura,FALSE
5b3575e50fb244731053f106,5b362fc7d358830fb8be2eb4,5b36329dd358830fb8be2eca,6,356,356,2174,3049,Volskaya Industries,FALSE
5b3575e50fb244731053f106,5b362fc7d358830fb8be2eb4,5b36329dd358830fb8be2eca,6,357,357,2175,3021,Watchpoint: Gibraltar,FALSE
5b3575e50fb244731053f106,5b362fc7d358830fb8be2eb4,5b36329dd358830fb8be2eca,6,358,358,2176,2993,Eichenwalde,FALSE
5b3575e50fb244731053f106,5b362fc7d358830fb8be2eb4,5b36329dd358830fb8be2eca,6,359,359,2177,3016,Ilios,FALSE
5b3575e50fb244731053f106,5b362fc7d358830fb8be2eb4,5b36329dd358830fb8be2eca,6,360,360,2178,3042,Horizon Lunar Colony,FALSE
5b3575e50fb244731053f106,5b362fc7d358830fb8be2eb4,5b36329dd358830fb8be2eca,7,361,1,2179,3042,Placements,TRUE
5b3575e50fb244731053f106,5b362fc7d358830fb8be2eb4,5b36329dd358830fb8be2eca,7,362,2,2180,3042,Placements,TRUE
5b3575e50fb244731053f106,5b362fc7d358830fb8be2eb4,5b36329dd358830fb8be2eca,7,363,3,2181,3042,Placements,TRUE
5b3575e50fb244731053f106,5b362fc7d358830fb8be2eb4,5b36329dd358830fb8be2eca,7,364,4,2182,3042,Placements,TRUE
5b3575e50fb244731053f106,5b362fc7d358830fb8be2eb4,5b36329dd358830fb8be2eca,7,365,5,2183,3042,Placements,TRUE
5b3575e50fb244731053f106,5b362fc7d358830fb8be2eb4,5b36329dd358830fb8be2eca,7,366,6,2184,3042,Placements,TRUE
5b3575e50fb244731053f106,5b362fc7d358830fb8be2eb4,5b36329dd358830fb8be2eca,7,367,7,2185,3042,Placements,TRUE
5b3575e50fb244731053f106,5b362fc7d358830fb8be2eb4,5b36329dd358830fb8be2eca,7,368,8,2186,3042,Placements,TRUE
5b3575e50fb244731053f106,5b362fc7d358830fb8be2eb4,5b36329dd358830fb8be2eca,7,369,9,2187,3042,Placements,TRUE
5b3575e50fb244731053f106,5b362fc7d358830fb8be2eb4,5b36329dd358830fb8be2eca,7,370,10,2188,2982,Placements,TRUE
5b3575e50fb244731053f106,5b362fc7d358830fb8be2eb4,5b36329dd358830fb8be2eca,7,371,11,2189,2956,Ilios,FALSE
5b3575e50fb244731053f106,5b362fc7d358830fb8be2eb4,5b36329dd358830fb8be2eca,7,372,12,2190,2931,Eichenwalde,FALSE
5b3575e50fb244731053f106,5b362fc7d358830fb8be2eb4,5b36329dd358830fb8be2eca,7,373,13,2191,2906,Watchpoint: Gibraltar,FALSE
5b3575e50fb244731053f106,5b362fc7d358830fb8be2eb4,5b36329dd358830fb8be2eca,7,374,14,2192,2930,Nepal,FALSE
5b3575e50fb244731053f106,5b362fc7d358830fb8be2eb4,5b36329dd358830fb8be2eca,7,375,15,2193,2904,Hollywood,FALSE
5b3575e50fb244731053f106,5b362fc7d358830fb8be2eb4,5b36329dd358830fb8be2eca,7,376,16,2194,2930,Hanamura,FALSE
5b3575e50fb244731053f106,5b362fc7d358830fb8be2eb4,5b36329dd358830fb8be2eca,7,377,17,2195,2955,King's Row,FALSE
5b3575e50fb244731053f106,5b362fc7d358830fb8be2eb4,5b36329dd358830fb8be2eca,7,378,18,2196,2938,Horizon Lunar Colony,FALSE
5b3575e50fb244731053f106,5b362fc7d358830fb8be2eb4,5b36329dd358830fb8be2eca,7,379,19,2197,2957,Junkertown,FALSE
5b3575e50fb244731053f106,5b362fc7d358830fb8be2eb4,5b36329dd358830fb8be2eca,7,380,20,2198,2984,Oasis,FALSE
5b3575e50fb244731053f106,5b362fc7d358830fb8be2eb4,5b36329dd358830fb8be2eca,7,381,21,2199,3004,Dorado,FALSE
5b3575e50fb244731053f106,5b362fc7d358830fb8be2eb4,5b36329dd358830fb8be2eca,7,382,22,2200,3025,Hollywood,FALSE
5b3575e50fb244731053f106,5b362fc7d358830fb8be2eb4,5b36329dd358830fb8be2eca,7,383,23,2201,3000,Lijiang Tower,FALSE
5b3575e50fb244731053f106,5b362fc7d358830fb8be2eb4,5b36329dd358830fb8be2eca,7,384,24,2202,3024,Lijiang Tower,FALSE
5b3575e50fb244731053f106,5b362fc7d358830fb8be2eb4,5b36329dd358830fb8be2eca,7,385,25,2203,3046,Eichenwalde,FALSE
5b3575e50fb244731053f106,5b362fc7d358830fb8be2eb4,5b36329dd358830fb8be2eca,7,386,26,2204,3071,Watchpoint: Gibraltar,FALSE
5b3575e50fb244731053f106,5b362fc7d358830fb8be2eb4,5b36329dd358830fb8be2eca,7,387,27,2205,3091,Ilios,FALSE
5b3575e50fb244731053f106,5b362fc7d358830fb8be2eb4,5b36329dd358830fb8be2eca,7,388,28,2206,3063,Volskaya Industries,FALSE
5b3575e50fb244731053f106,5b362fc7d358830fb8be2eb4,5b36329dd358830fb8be2eca,7,389,29,2207,3038,Route 66,FALSE
5b3575e50fb244731053f106,5b362fc7d358830fb8be2eb4,5b36329dd358830fb8be2eca,7,390,30,2208,3014,Junkertown,FALSE
5b3575e50fb244731053f106,5b362fc7d358830fb8be2eb4,5b36329dd358830fb8be2eca,7,391,31,2209,3037,Watchpoint: Gibraltar,FALSE
5b3575e50fb244731053f106,5b362fc7d358830fb8be2eb4,5b36329dd358830fb8be2eca,7,392,32,2210,3014,Route 66,FALSE
5b3575e50fb244731053f106,5b362fc7d358830fb8be2eb4,5b36329dd358830fb8be2eca,7,393,33,2211,3040,Junkertown,FALSE
5b3575e50fb244731053f106,5b362fc7d358830fb8be2eb4,5b36329dd358830fb8be2eca,7,394,34,2212,3007,King's Row,FALSE
5b3575e50fb244731053f106,5b362fc7d358830fb8be2eb4,5b36329dd358830fb8be2eca,7,395,35,2213,3033,Nepal,FALSE
5b3575e50fb244731053f106,5b362fc7d358830fb8be2eb4,5b36329dd358830fb8be2eca,7,396,36,2214,3058,Nepal,FALSE
5b3575e50fb244731053f106,5b362fc7d358830fb8be2eb4,5b36329dd358830fb8be2eca,7,397,37,2215,3083,Volskaya Industries,FALSE
5b3575e50fb244731053f106,5b362fc7d358830fb8be2eb4,5b36329dd358830fb8be2eca,7,398,38,2216,3060,Numbani,FALSE
5b3575e50fb244731053f106,5b362fc7d358830fb8be2eb4,5b36329dd358830fb8be2eca,7,399,39,2217,3036,Lijiang Tower,FALSE
5b3575e50fb244731053f106,5b362fc7d358830fb8be2eb4,5b36329dd358830fb8be2eca,7,400,40,2218,3036,Hanamura,FALSE
5b3575e50fb244731053f106,5b362fc7d358830fb8be2eb4,5b36329dd358830fb8be2eca,7,401,41,2219,3011,Numbani,FALSE
5b3575e50fb244731053f106,5b362fc7d358830fb8be2eb4,5b36329dd358830fb8be2eca,7,402,42,2220,2982,Ilios,FALSE
5b3575e50fb244731053f106,5b362fc7d358830fb8be2eb4,5b36329dd358830fb8be2eca,7,403,43,2221,3004,Lijiang Tower,FALSE
5b3575e50fb244731053f106,5b362fc7d358830fb8be2eb4,5b36329dd358830fb8be2eca,7,404,44,2222,2983,Junkertown,FALSE
5b3575e50fb244731053f106,5b362fc7d358830fb8be2eb4,5b36329dd358830fb8be2eca,7,405,45,2223,2962,Dorado,FALSE
5b3575e50fb244731053f106,5b362fc7d358830fb8be2eb4,5b36329dd358830fb8be2eca,7,406,46,2224,2936,Horizon Lunar Colony,FALSE
5b3575e50fb244731053f106,5b362fc7d358830fb8be2eb4,5b36329dd358830fb8be2eca,7,407,47,2225,2965,Route 66,FALSE
5b3575e50fb244731053f106,5b362fc7d358830fb8be2eb4,5b36329dd358830fb8be2eca,7,408,48,2226,2993,Eichenwalde,FALSE
5b3575e50fb244731053f106,5b362fc7d358830fb8be2eb4,5b36329dd358830fb8be2eca,7,409,49,2227,3017,Hollywood,FALSE
5b3575e50fb244731053f106,5b362fc7d358830fb8be2eb4,5b36329dd358830fb8be2eca,7,410,50,2228,2994,Volskaya Industries,FALSE
5b3575e50fb244731053f106,5b362fc7d358830fb8be2eb4,5b36329dd358830fb8be2eca,7,411,51,2229,3017,Hollywood,FALSE
5b3575e50fb244731053f106,5b362fc7d358830fb8be2eb4,5b36329dd358830fb8be2eca,7,412,52,2230,3017,Hanamura,FALSE
5b3575e50fb244731053f106,5b362fc7d358830fb8be2eb4,5b36329dd358830fb8be2eca,7,413,53,2231,3037,Ilios,FALSE
5b3575e50fb244731053f106,5b362fc7d358830fb8be2eb4,5b36329dd358830fb8be2eca,7,414,54,2232,3061,Nepal,FALSE
5b3575e50fb244731053f106,5b362fc7d358830fb8be2eb4,5b36329dd358830fb8be2eca,7,415,55,2233,3040,Lijiang Tower,FALSE
5b3575e50fb244731053f106,5b362fc7d358830fb8be2eb4,5b36329dd358830fb8be2eca,7,416,56,2234,3065,Volskaya Industries,FALSE
5b3575e50fb244731053f106,5b362fc7d358830fb8be2eb4,5b36329dd358830fb8be2eca,7,417,57,2235,3092,Horizon Lunar Colony,FALSE
5b3575e50fb244731053f106,5b362fc7d358830fb8be2eb4,5b36329dd358830fb8be2eca,7,418,58,2236,3067,Oasis,FALSE
5b3575e50fb244731053f106,5b362fc7d358830fb8be2eb4,5b36329dd358830fb8be2eca,7,419,59,2237,3041,Ilios,FALSE
5b3575e50fb244731053f106,5b362fc7d358830fb8be2eb4,5b36329dd358830fb8be2eca,7,420,60,2238,3019,Nepal,FALSE
5b3575e50fb244731053f106,5b362fc7d358830fb8be2eb4,5b36329dd358830fb8be2eca,7,421,61,2239,2993,Eichenwalde,FALSE
5b3575e50fb244731053f106,5b362fc7d358830fb8be2eb4,5b36329dd358830fb8be2eca,7,422,62,2240,2966,Watchpoint: Gibraltar,FALSE
5b3575e50fb244731053f106,5b362fc7d358830fb8be2eb4,5b36329dd358830fb8be2eca,7,423,63,2241,2988,Horizon Lunar Colony,FALSE
5b3575e50fb244731053f106,5b362fc7d358830fb8be2eb4,5b36329dd358830fb8be2eca,7,424,64,2242,2964,Ilios,FALSE
5b3575e50fb244731053f106,5b362fc7d358830fb8be2eb4,5b36329dd358830fb8be2eca,7,425,65,2243,2939,Junkertown,FALSE
5b3575e50fb244731053f106,5b362fc7d358830fb8be2eb4,5b36329dd358830fb8be2eca,7,426,66,2244,2910,Lijiang Tower,FALSE
5b3575e50fb244731053f106,5b362fc7d358830fb8be2eb4,5b36329dd358830fb8be2eca,7,427,67,2245,2943,Dorado,FALSE
5b3575e50fb244731053f106,5b362fc7d358830fb8be2eb4,5b36329dd358830fb8be2eca,7,428,68,2246,2965,Junkertown,FALSE
5b3575e50fb244731053f106,5b362fc7d358830fb8be2eb4,5b36329dd358830fb8be2eca,7,429,69,2247,2991,Horizon Lunar Colony,FALSE
5b3575e50fb244731053f106,5b362fc7d358830fb8be2eb4,5b36329dd358830fb8be2eca,7,430,70,2248,3018,Hollywood,FALSE
5b3575e50fb244731053f106,5b362fc7d358830fb8be2eb4,5b36329dd358830fb8be2eca,7,431,71,2249,3046,Dorado,FALSE
5b3575e50fb244731053f106,5b362fc7d358830fb8be2eb4,5b36329dd358830fb8be2eca,7,432,72,2250,3071,Nepal,FALSE
5b3575e50fb244731053f106,5b362fc7d358830fb8be2eb4,5b36329dd358830fb8be2eca,7,433,73,2251,3071,Numbani,FALSE
5b3575e50fb244731053f106,5b362fc7d358830fb8be2eb4,5b36329dd358830fb8be2eca,7,434,74,2252,3051,Watchpoint: Gibraltar,FALSE
5b3575e50fb244731053f106,5b362fc7d358830fb8be2eb4,5b36329dd358830fb8be2eca,7,435,75,2253,3051,Temple of Anubis,FALSE
5b3575e50fb244731053f106,5b362fc7d358830fb8be2eb4,5b36329dd358830fb8be2eca,7,436,76,2254,3075,Route 66,FALSE
5b3575e50fb244731053f106,5b362fc7d358830fb8be2eb4,5b36329dd358830fb8be2eca,7,437,77,2255,3052,Oasis,FALSE
5b3575e50fb244731053f106,5b362fc7d358830fb8be2eb4,5b36329dd358830fb8be2eca,7,438,78,2256,3075,Hollywood,FALSE
5b3575e50fb244731053f106,5b362fc7d358830fb8be2eb4,5b36329dd358830fb8be2eca,7,439,79,2257,3075,Horizon Lunar Colony,FALSE
5b3575e50fb244731053f106,5b362fc7d358830fb8be2eb4,5b36329dd358830fb8be2eca,7,440,80,2258,3054,Lijiang Tower,FALSE
5b3575e50fb244731053f106,5b362fc7d358830fb8be2eb4,5b36329dd358830fb8be2eca,7,441,81,2259,3032,Horizon Lunar Colony,FALSE
5b3575e50fb244731053f106,5b362fc7d358830fb8be2eb4,5b36329dd358830fb8be2eca,7,442,82,2260,3058,Hollywood,FALSE
5b3575e50fb244731053f106,5b362fc7d358830fb8be2eb4,5b36329dd358830fb8be2eca,7,443,83,2261,3082,Hollywood,FALSE
5b3575e50fb244731053f106,5b362fc7d358830fb8be2eb4,5b36329dd358830fb8be2eca,7,444,84,2262,3106,Dorado,FALSE
5b3575e50fb244731053f106,5b362fc7d358830fb8be2eb4,5b36329dd358830fb8be2eca,7,445,85,2263,3079,Watchpoint: Gibraltar,FALSE
5b3575e50fb244731053f106,5b362fc7d358830fb8be2eb4,5b36329dd358830fb8be2eca,7,446,86,2264,3056,Numbani,FALSE
5b3575e50fb244731053f106,5b362fc7d358830fb8be2eb4,5b36329dd358830fb8be2eca,7,447,87,2265,3076,Junkertown,FALSE
5b3575e50fb244731053f106,5b362fc7d358830fb8be2eb4,5b36329dd358830fb8be2eca,7,448,88,2266,3051,Oasis,FALSE
5b3575e50fb244731053f106,5b362fc7d358830fb8be2eb4,5b36329dd358830fb8be2eca,7,449,89,2267,3075,Eichenwalde,FALSE
5b3575e50fb244731053f106,5b362fc7d358830fb8be2eb4,5b36329dd358830fb8be2eca,7,450,90,2268,3055,Volskaya Industries,FALSE
5b3575e50fb244731053f106,5b362fc7d358830fb8be2eb4,5b36329dd358830fb8be2eca,7,451,91,2269,3028,Hollywood,FALSE
5b3575e50fb244731053f106,5b362fc7d358830fb8be2eb4,5b36329dd358830fb8be2eca,7,452,92,2270,3028,Horizon Lunar Colony,FALSE
5b3575e50fb244731053f106,5b362fc7d358830fb8be2eb4,5b36329dd358830fb8be2eca,7,453,93,2271,3004,Dorado,FALSE
5b3575e50fb244731053f106,5b362fc7d358830fb8be2eb4,5b36329dd358830fb8be2eca,7,454,94,2272,3023,Ilios,FALSE
5b3575e50fb244731053f106,5b362fc7d358830fb8be2eb4,5b36329dd358830fb8be2eca,7,455,95,2273,3000,Route 66,FALSE
5b3575e50fb244731053f106,5b362fc7d358830fb8be2eb4,5b36329dd358830fb8be2eca,7,456,96,2274,2978,Oasis,FALSE
5b3575e50fb244731053f106,5b362fc7d358830fb8be2eb4,5b36329dd358830fb8be2eca,7,457,97,2275,2959,Watchpoint: Gibraltar,FALSE
5b3575e50fb244731053f106,5b362fc7d358830fb8be2eb4,5b36329dd358830fb8be2eca,7,458,98,2276,2959,Volskaya Industries,FALSE
5b3575e50fb244731053f106,5b362fc7d358830fb8be2eb4,5b36329dd358830fb8be2eca,7,459,99,2277,2932,Junkertown,FALSE
5b3575e50fb244731053f106,5b362fc7d358830fb8be2eb4,5b36329dd358830fb8be2eca,7,460,100,2278,2912,Dorado,FALSE
5b3575e50fb244731053f106,5b362fc7d358830fb8be2eb4,5b36329dd358830fb8be2eca,7,461,101,2279,2932,Temple of Anubis,FALSE
5b3575e50fb244731053f106,5b362fc7d358830fb8be2eb4,5b36329dd358830fb8be2eca,7,462,102,2280,2954,Nepal,FALSE
5b3575e50fb244731053f106,5b362fc7d358830fb8be2eb4,5b36329dd358830fb8be2eca,7,463,103,2281,2979,Ilios,FALSE
5b3575e50fb244731053f106,5b362fc7d358830fb8be2eb4,5b36329dd358830fb8be2eca,7,464,104,2282,2956,Numbani,FALSE
5b3575e50fb244731053f106,5b362fc7d358830fb8be2eb4,5b36329dd358830fb8be2eca,7,465,105,2283,2935,Lijiang Tower,FALSE
5b3575e50fb244731053f106,5b362fc7d358830fb8be2eb4,5b36329dd358830fb8be2eca,7,466,106,2284,2958,Oasis,FALSE
5b3575e50fb244731053f106,5b362fc7d358830fb8be2eb4,5b36329dd358830fb8be2eca,7,467,107,2285,2987,Horizon Lunar Colony,FALSE
5b3575e50fb244731053f106,5b362fc7d358830fb8be2eb4,5b36329dd358830fb8be2eca,7,468,108,2286,2987,Hollywood,FALSE
5b3575e50fb244731053f106,5b362fc7d358830fb8be2eb4,5b36329dd358830fb8be2eca,7,469,109,2287,3011,Volskaya Industries,FALSE
5b3575e50fb244731053f106,5b362fc7d358830fb8be2eb4,5b36329dd358830fb8be2eca,7,470,110,2288,3034,Watchpoint: Gibraltar,FALSE
5b3575e50fb244731053f106,5b362fc7d358830fb8be2eb4,5b36329dd358830fb8be2eca,7,471,111,2289,3008,Volskaya Industries,FALSE
5b3575e50fb244731053f106,5b362fc7d358830fb8be2eb4,5b36329dd358830fb8be2eca,7,472,112,2290,2984,Nepal,FALSE
5b3575e50fb244731053f106,5b362fc7d358830fb8be2eb4,5b36329dd358830fb8be2eca,7,473,113,2291,2960,Route 66,FALSE
5b3575e50fb244731053f106,5b362fc7d358830fb8be2eb4,5b36329dd358830fb8be2eca,7,474,114,2292,2983,Lijiang Tower,FALSE
5b3575e50fb244731053f106,5b362fc7d358830fb8be2eb4,5b36329dd358830fb8be2eca,7,475,115,2293,2964,Oasis,FALSE
5b3575e50fb244731053f106,5b362fc7d358830fb8be2eb4,5b36329dd358830fb8be2eca,7,476,116,2294,2987,Ilios,FALSE
5b3575e50fb244731053f106,5b362fc7d358830fb8be2eb4,5b36329dd358830fb8be2eca,7,477,117,2295,3010,Horizon Lunar Colony,FALSE
5b3575e50fb244731053f106,5b362fc7d358830fb8be2eb4,5b36329dd358830fb8be2eca,7,478,118,2296,3036,Route 66,FALSE
5b3575e50fb244731053f106,5b362fc7d358830fb8be2eb4,5b36329dd358830fb8be2eca,7,479,119,2297,3060,Route 66,FALSE
5b3575e50fb244731053f106,5b362fc7d358830fb8be2eb4,5b36329dd358830fb8be2eca,7,480,120,2298,3035,Watchpoint: Gibraltar,FALSE
5b3575e50fb244731053f106,5b362fc7d358830fb8be2eb4,5b36329dd358830fb8be2eca,7,481,121,2299,3016,Temple of Anubis,FALSE
5b3575e50fb244731053f106,5b362fc7d358830fb8be2eb4,5b36329dd358830fb8be2eca,7,482,122,2300,3040,Ilios,FALSE
5b3575e50fb244731053f106,5b362fc7d358830fb8be2eb4,5b36329dd358830fb8be2eca,7,483,123,2301,3014,Junkertown,FALSE
5b3575e50fb244731053f106,5b362fc7d358830fb8be2eb4,5b36329dd358830fb8be2eca,8,484,1,2302,3014,Placements,TRUE
5b3575e50fb244731053f106,5b362fc7d358830fb8be2eb4,5b36329dd358830fb8be2eca,8,485,2,2303,3014,Placements,TRUE
5b3575e50fb244731053f106,5b362fc7d358830fb8be2eb4,5b36329dd358830fb8be2eca,8,486,3,2304,3014,Placements,TRUE
5b3575e50fb244731053f106,5b362fc7d358830fb8be2eb4,5b36329dd358830fb8be2eca,8,487,4,2305,3014,Placements,TRUE
5b3575e50fb244731053f106,5b362fc7d358830fb8be2eb4,5b36329dd358830fb8be2eca,8,488,5,2306,3014,Placements,TRUE
5b3575e50fb244731053f106,5b362fc7d358830fb8be2eb4,5b36329dd358830fb8be2eca,8,489,6,2307,3014,Placements,TRUE
5b3575e50fb244731053f106,5b362fc7d358830fb8be2eb4,5b36329dd358830fb8be2eca,8,490,7,2308,3014,Placements,TRUE
5b3575e50fb244731053f106,5b362fc7d358830fb8be2eb4,5b36329dd358830fb8be2eca,8,491,8,2309,3014,Placements,TRUE
5b3575e50fb244731053f106,5b362fc7d358830fb8be2eb4,5b36329dd358830fb8be2eca,8,492,9,2310,3014,Placements,TRUE
5b3575e50fb244731053f106,5b362fc7d358830fb8be2eb4,5b36329dd358830fb8be2eca,8,493,10,2311,3010,Placements,TRUE
5b3575e50fb244731053f106,5b362fc7d358830fb8be2eb4,5b36329dd358830fb8be2eca,8,494,11,2312,2989,Volskaya Industries,FALSE
5b3575e50fb244731053f106,5b362fc7d358830fb8be2eb4,5b36329dd358830fb8be2eca,8,495,12,2313,2967,Lijiang Tower,FALSE
5b3575e50fb244731053f106,5b362fc7d358830fb8be2eb4,5b36329dd358830fb8be2eca,8,496,13,2314,2945,Dorado,FALSE
5b3575e50fb244731053f106,5b362fc7d358830fb8be2eb4,5b36329dd358830fb8be2eca,8,497,14,2315,2921,Numbani,FALSE
5b3575e50fb244731053f106,5b362fc7d358830fb8be2eb4,5b36329dd358830fb8be2eca,8,498,15,2316,2944,Hanamura,FALSE
5b3575e50fb244731053f106,5b362fc7d358830fb8be2eb4,5b36329dd358830fb8be2eca,8,499,16,2317,2968,Temple of Anubis,FALSE
5b3575e50fb244731053f106,5b362fc7d358830fb8be2eb4,5b36329dd358830fb8be2eca,8,500,17,2318,2992,Ilios,FALSE
5b3575e50fb244731053f106,5b362fc7d358830fb8be2eb4,5b36329dd358830fb8be2eca,8,501,18,2319,3016,Oasis,FALSE
5b3575e50fb244731053f106,5b362fc7d358830fb8be2eb4,5b36329dd358830fb8be2eca,8,502,19,2320,3041,Nepal,FALSE
5b3575e50fb244731053f106,5b362fc7d358830fb8be2eb4,5b36329dd358830fb8be2eca,8,503,20,2321,3066,Hanamura,FALSE
5b3575e50fb244731053f106,5b362fc7d358830fb8be2eb4,5b36329dd358830fb8be2eca,8,504,21,2322,3043,Numbani,FALSE
5b3575e50fb244731053f106,5b362fc7d358830fb8be2eb4,5b36329dd358830fb8be2eca,8,505,22,2323,3066,Oasis,FALSE
5b3575e50fb244731053f106,5b362fc7d358830fb8be2eb4,5b36329dd358830fb8be2eca,8,506,23,2324,3042,Dorado,FALSE
5b3575e50fb244731053f106,5b362fc7d358830fb8be2eb4,5b36329dd358830fb8be2eca,8,507,24,2325,3065,Watchpoint: Gibraltar,FALSE
5b3575e50fb244731053f106,5b362fc7d358830fb8be2eb4,5b36329dd358830fb8be2eca,8,508,25,2326,3041,Ilios,FALSE
5b3575e50fb244731053f106,5b362fc7d358830fb8be2eb4,5b36329dd358830fb8be2eca,8,509,26,2327,3064,King's Row,FALSE
5b3575e50fb244731053f106,5b362fc7d358830fb8be2eb4,5b36329dd358830fb8be2eca,8,510,27,2328,3085,Oasis,FALSE
5b3575e50fb244731053f106,5b362fc7d358830fb8be2eb4,5b36329dd358830fb8be2eca,8,511,28,2329,3108,Temple of Anubis,FALSE
5b3575e50fb244731053f106,5b362fc7d358830fb8be2eb4,5b36329dd358830fb8be2eca,8,512,29,2330,3131,Numbani,FALSE
5b3575e50fb244731053f106,5b362fc7d358830fb8be2eb4,5b36329dd358830fb8be2eca,8,513,30,2331,3107,Hollywood,FALSE
5b3575e50fb244731053f106,5b362fc7d358830fb8be2eb4,5b36329dd358830fb8be2eca,8,514,31,2332,3107,Volskaya Industries,FALSE
5b3575e50fb244731053f106,5b362fc7d358830fb8be2eb4,5b36329dd358830fb8be2eca,8,515,32,2333,3084,Route 66,FALSE
5b3575e50fb244731053f106,5b362fc7d358830fb8be2eb4,5b36329dd358830fb8be2eca,8,516,33,2334,3060,Watchpoint: Gibraltar,FALSE
5b3575e50fb244731053f106,5b362fc7d358830fb8be2eb4,5b36329dd358830fb8be2eca,8,517,34,2335,3084,Watchpoint: Gibraltar,FALSE
5b3575e50fb244731053f106,5b362fc7d358830fb8be2eb4,5b36329dd358830fb8be2eca,8,518,35,2336,3060,Lijiang Tower,FALSE
5b3575e50fb244731053f106,5b362fc7d358830fb8be2eb4,5b36329dd358830fb8be2eca,8,519,36,2337,3036,Horizon Lunar Colony,FALSE
5b3575e50fb244731053f106,5b362fc7d358830fb8be2eb4,5b36329dd358830fb8be2eca,8,520,37,2338,3060,Hollywood,FALSE
5b3575e50fb244731053f106,5b362fc7d358830fb8be2eb4,5b36329dd358830fb8be2eca,8,521,38,2339,3084,Hanamura,FALSE
5b3575e50fb244731053f106,5b362fc7d358830fb8be2eb4,5b36329dd358830fb8be2eca,8,522,39,2340,3107,Numbani,FALSE
5b3575e50fb244731053f106,5b362fc7d358830fb8be2eb4,5b36329dd358830fb8be2eca,8,523,40,2341,3131,Temple of Anubis,FALSE
5b3575e50fb244731053f106,5b362fc7d358830fb8be2eb4,5b36329dd358830fb8be2eca,8,524,41,2342,3155,Dorado,FALSE
5b3575e50fb244731053f106,5b362fc7d358830fb8be2eb4,5b36329dd358830fb8be2eca,8,525,42,2343,3179,Hanamura,FALSE
5b3575e50fb244731053f106,5b362fc7d358830fb8be2eb4,5b36329dd358830fb8be2eca,8,526,43,2344,3203,King's Row,FALSE
5b3575e50fb244731053f106,5b362fc7d358830fb8be2eb4,5b36329dd358830fb8be2eca,8,527,44,2345,3226,Junkertown,FALSE
5b3575e50fb244731053f106,5b362fc7d358830fb8be2eb4,5b36329dd358830fb8be2eca,8,528,45,2346,3251,Temple of Anubis,FALSE
5b3575e50fb244731053f106,5b362fc7d358830fb8be2eb4,5b36329dd358830fb8be2eca,8,529,46,2347,3275,Nepal,FALSE
5b3575e50fb244731053f106,5b362fc7d358830fb8be2eb4,5b36329dd358830fb8be2eca,8,530,47,2348,3299,Oasis,FALSE
5b3575e50fb244731053f106,5b362fc7d358830fb8be2eb4,5b36329dd358830fb8be2eca,8,531,48,2349,3323,Hanamura,FALSE
5b3575e50fb244731053f106,5b362fc7d358830fb8be2eb4,5b36329dd358830fb8be2eca,8,532,49,2350,3347,Eichenwalde,FALSE
5b3575e50fb244731053f106,5b362fc7d358830fb8be2eb4,5b36329dd358830fb8be2eca,8,533,50,2351,3323,Volskaya Industries,FALSE
5b3575e50fb244731053f106,5b362fc7d358830fb8be2eb4,5b36329dd358830fb8be2eca,8,534,51,2352,3299,Dorado,FALSE
5b3575e50fb244731053f106,5b362fc7d358830fb8be2eb4,5b36329dd358830fb8be2eca,8,535,52,2353,3275,Watchpoint: Gibraltar,FALSE
5b3575e50fb244731053f106,5b362fc7d358830fb8be2eb4,5b36329dd358830fb8be2eca,8,536,53,2354,3251,Eichenwalde,FALSE
5b3575e50fb244731053f106,5b362fc7d358830fb8be2eb4,5b36329dd358830fb8be2eca,8,537,54,2355,3251,Hanamura,FALSE
5b3575e50fb244731053f106,5b362fc7d358830fb8be2eb4,5b36329dd358830fb8be2eca,8,538,55,2356,3227,Temple of Anubis,FALSE
5b3575e50fb244731053f106,5b362fc7d358830fb8be2eb4,5b36329dd358830fb8be2eca,8,539,56,2357,3203,Numbani,FALSE
5b3575e50fb244731053f106,5b362fc7d358830fb8be2eb4,5b36329dd358830fb8be2eca,8,540,57,2358,3179,Route 66,FALSE
5b3575e50fb244731053f106,5b362fc7d358830fb8be2eb4,5b36329dd358830fb8be2eca,8,541,58,2359,3155,Ilios,FALSE
5b3575e50fb244731053f106,5b362fc7d358830fb8be2eb4,5b36329dd358830fb8be2eca,8,542,59,2360,3130,Watchpoint: Gibraltar,FALSE
5b3575e50fb244731053f106,5b362fc7d358830fb8be2eb4,5b36329dd358830fb8be2eca,8,543,60,2361,3106,Oasis,FALSE
5b3575e50fb244731053f106,5b362fc7d358830fb8be2eb4,5b36329dd358830fb8be2eca,8,544,61,2362,3130,Horizon Lunar Colony,FALSE
5b3575e50fb244731053f106,5b362fc7d358830fb8be2eb4,5b36329dd358830fb8be2eca,8,545,62,2363,3106,Nepal,FALSE
5b3575e50fb244731053f106,5b362fc7d358830fb8be2eb4,5b36329dd358830fb8be2eca,8,546,63,2364,3130,Route 66,FALSE
5b3575e50fb244731053f106,5b362fc7d358830fb8be2eb4,5b36329dd358830fb8be2eca,8,547,64,2365,3106,Hanamura,FALSE
5b3575e50fb244731053f106,5b362fc7d358830fb8be2eb4,5b36329dd358830fb8be2eca,8,548,65,2366,3130,Hollywood,FALSE
5b3575e50fb244731053f106,5b362fc7d358830fb8be2eb4,5b36329dd358830fb8be2eca,8,549,66,2367,3154,Lijiang Tower,FALSE
5b3575e50fb244731053f106,5b362fc7d358830fb8be2eb4,5b36329dd358830fb8be2eca,8,550,67,2368,3130,Temple of Anubis,FALSE
5b3575e50fb244731053f106,5b362fc7d358830fb8be2eb4,5b36329dd358830fb8be2eca,8,551,68,2369,3107,Junkertown,FALSE
5b3575e50fb244731053f106,5b362fc7d358830fb8be2eb4,5b36329dd358830fb8be2eca,8,552,69,2370,3083,Lijiang Tower,FALSE
5b3575e50fb244731053f106,5b362fc7d358830fb8be2eb4,5b36329dd358830fb8be2eca,8,553,70,2371,3083,Horizon Lunar Colony,FALSE
5b3575e50fb244731053f106,5b362fc7d358830fb8be2eb4,5b36329dd358830fb8be2eca,8,554,71,2372,3107,Ilios,FALSE
5b3575e50fb244731053f106,5b362fc7d358830fb8be2eb4,5b36329dd358830fb8be2eca,8,555,72,2373,3083,Watchpoint: Gibraltar,FALSE
5b3575e50fb244731053f106,5b362fc7d358830fb8be2eb4,5b36329dd358830fb8be2eca,8,556,73,2374,3107,Nepal,FALSE
5b3575e50fb244731053f106,5b362fc7d358830fb8be2eb4,5b36329dd358830fb8be2eca,8,557,74,2375,3107,Numbani,FALSE
5b3575e50fb244731053f106,5b362fc7d358830fb8be2eb4,5b36329dd358830fb8be2eca,8,558,75,2376,3084,Volskaya Industries,FALSE
5b3575e50fb244731053f106,5b362fc7d358830fb8be2eb4,5b36329dd358830fb8be2eca,8,559,76,2377,3060,Route 66,FALSE
5b3575e50fb244731053f106,5b362fc7d358830fb8be2eb4,5b36329dd358830fb8be2eca,8,560,77,2378,3036,Horizon Lunar Colony,FALSE
5b3575e50fb244731053f106,5b362fc7d358830fb8be2eb4,5b36329dd358830fb8be2eca,8,561,78,2379,3059,Ilios,FALSE
5b3575e50fb244731053f106,5b362fc7d358830fb8be2eb4,5b36329dd358830fb8be2eca,8,562,79,2380,3037,Hollywood,FALSE
5b3575e50fb244731053f106,5b362fc7d358830fb8be2eb4,5b36329dd358830fb8be2eca,8,563,80,2381,3063,Numbani,FALSE
5b3575e50fb244731053f106,5b362fc7d358830fb8be2eb4,5b36329dd358830fb8be2eca,8,564,81,2382,3085,Ilios,FALSE
5b3575e50fb244731053f106,5b362fc7d358830fb8be2eb4,5b36329dd358830fb8be2eca,8,565,82,2383,3109,Eichenwalde,FALSE
5b3575e50fb244731053f106,5b362fc7d358830fb8be2eb4,5b36329dd358830fb8be2eca,8,566,83,2384,3084,Nepal,FALSE
5b3575e50fb244731053f106,5b362fc7d358830fb8be2eb4,5b36329dd358830fb8be2eca,8,567,84,2385,3107,Horizon Lunar Colony,FALSE
5b3575e50fb244731053f106,5b362fc7d358830fb8be2eb4,5b36329dd358830fb8be2eca,8,568,85,2386,3131,Junkertown,FALSE
5b3575e50fb244731053f106,5b362fc7d358830fb8be2eb4,5b36329dd358830fb8be2eca,8,569,86,2387,3107,Route 66,FALSE
5b3575e50fb244731053f106,5b362fc7d358830fb8be2eb4,5b36329dd358830fb8be2eca,8,570,87,2388,3084,Oasis,FALSE
5b3575e50fb244731053f106,5b362fc7d358830fb8be2eb4,5b36329dd358830fb8be2eca,8,571,88,2389,3108,Volskaya Industries,FALSE
5b3575e50fb244731053f106,5b362fc7d358830fb8be2eb4,5b36329dd358830fb8be2eca,8,572,89,2390,3131,Temple of Anubis,FALSE
5b3575e50fb244731053f106,5b362fc7d358830fb8be2eb4,5b36329dd358830fb8be2eca,8,573,90,2391,3155,Route 66,FALSE
5b3575e50fb244731053f106,5b362fc7d358830fb8be2eb4,5b36329dd358830fb8be2eca,8,574,91,2392,3179,Ilios,FALSE
5b3575e50fb244731053f106,5b362fc7d358830fb8be2eb4,5b36329dd358830fb8be2eca,8,575,92,2393,3203,Hanamura,FALSE
5b3575e50fb244731053f106,5b362fc7d358830fb8be2eb4,5b36329dd358830fb8be2eca,8,576,93,2394,3227,Numbani,FALSE
5b3575e50fb244731053f106,5b362fc7d358830fb8be2eb4,5b36329dd358830fb8be2eca,8,577,94,2395,3202,Junkertown,FALSE
5b3575e50fb244731053f106,5b362fc7d358830fb8be2eb4,5b36329dd358830fb8be2eca,8,578,95,2396,3178,Horizon Lunar Colony,FALSE
5b3575e50fb244731053f106,5b362fc7d358830fb8be2eb4,5b36329dd358830fb8be2eca,8,579,96,2397,3201,Nepal,FALSE
5b3575e50fb244731053f106,5b362fc7d358830fb8be2eb4,5b36329dd358830fb8be2eca,8,580,97,2398,3226,Temple of Anubis,FALSE
5b3575e50fb244731053f106,5b362fc7d358830fb8be2eb4,5b36329dd358830fb8be2eca,8,581,98,2399,3201,Nepal,FALSE
5b3575e50fb244731053f106,5b362fc7d358830fb8be2eb4,5b36329dd358830fb8be2eca,8,582,99,2400,3225,Junkertown,FALSE
5b3575e50fb244731053f106,5b362fc7d358830fb8be2eb4,5b36329dd358830fb8be2eca,8,583,100,2401,3249,Route 66,FALSE
5b3575e50fb244731053f106,5b362fc7d358830fb8be2eb4,5b36329dd358830fb8be2eca,8,584,101,2402,3225,Dorado,FALSE
5b3575e50fb244731053f106,5b362fc7d358830fb8be2eb4,5b36329dd358830fb8be2eca,8,585,102,2403,3249,Ilios,FALSE
5b3575e50fb244731053f106,5b362fc7d358830fb8be2eb4,5b36329dd358830fb8be2eca,8,586,103,2404,3273,Hollywood,FALSE
5b3575e50fb244731053f106,5b362fc7d358830fb8be2eb4,5b36329dd358830fb8be2eca,8,587,104,2405,3296,Hollywood,FALSE
5b3575e50fb244731053f106,5b362fc7d358830fb8be2eb4,5b36329dd358830fb8be2eca,8,588,105,2406,3319,Hanamura,FALSE
5b3575e50fb244731053f106,5b362fc7d358830fb8be2eb4,5b36329dd358830fb8be2eca,8,589,106,2407,3343,Watchpoint: Gibraltar,FALSE
5b3575e50fb244731053f106,5b362fc7d358830fb8be2eb4,5b36329dd358830fb8be2eca,8,590,107,2408,3320,Lijiang Tower,FALSE
5b3575e50fb244731053f106,5b362fc7d358830fb8be2eb4,5b36329dd358830fb8be2eca,8,591,108,2409,3296,Junkertown,FALSE
5b3575e50fb244731053f106,5b362fc7d358830fb8be2eb4,5b36329dd358830fb8be2eca,8,592,109,2410,3320,Volskaya Industries,FALSE
5b3575e50fb244731053f106,5b362fc7d358830fb8be2eb4,5b36329dd358830fb8be2eca,8,593,110,2411,3343,Eichenwalde,FALSE
5b3575e50fb244731053f106,5b362fc7d358830fb8be2eb4,5b36329dd358830fb8be2eca,8,594,111,2412,3365,Route 66,FALSE
5b3575e50fb244731053f106,5b362fc7d358830fb8be2eb4,5b36329dd358830fb8be2eca,8,595,112,2413,3388,Lijiang Tower,FALSE
5b3575e50fb244731053f106,5b362fc7d358830fb8be2eb4,5b36329dd358830fb8be2eca,8,596,113,2414,3363,Hanamura,FALSE
5b3575e50fb244731053f106,5b362fc7d358830fb8be2eb4,5b36329dd358830fb8be2eca,8,597,114,2415,3339,King's Row,FALSE
5b3575e50fb244731053f106,5b362fc7d358830fb8be2eb4,5b36329dd358830fb8be2eca,8,598,115,2416,3361,Temple of Anubis,FALSE
5b3575e50fb244731053f106,5b362fc7d358830fb8be2eb4,5b36329dd358830fb8be2eca,8,599,116,2417,3384,Lijiang Tower,FALSE
5b3575e50fb244731053f106,5b362fc7d358830fb8be2eb4,5b36329dd358830fb8be2eca,8,600,117,2418,3407,Route 66,FALSE
5b3575e50fb244731053f106,5b362fc7d358830fb8be2eb4,5b36329dd358830fb8be2eca,8,601,118,2419,3381,Watchpoint: Gibraltar,FALSE
5b3575e50fb244731053f106,5b362fc7d358830fb8be2eb4,5b36329dd358830fb8be2eca,8,602,119,2420,3357,Volskaya Industries,FALSE
5b3575e50fb244731053f106,5b362fc7d358830fb8be2eb4,5b36329dd358830fb8be2eca,8,603,120,2421,3334,Eichenwalde,FALSE
5b3575e50fb244731053f106,5b362fc7d358830fb8be2eb4,5b36329dd358830fb8be2eca,8,604,121,2422,3358,Horizon Lunar Colony,FALSE
5b3575e50fb244731053f106,5b362fc7d358830fb8be2eb4,5b36329dd358830fb8be2eca,8,605,122,2423,3334,Numbani,FALSE
5b3575e50fb244731053f106,5b362fc7d358830fb8be2eb4,5b36329dd358830fb8be2eca,8,606,123,2424,3359,King's Row,FALSE
5b3575e50fb244731053f106,5b362fc7d358830fb8be2eb4,5b36329dd358830fb8be2eca,8,607,124,2425,3382,Junkertown,FALSE
5b3575e50fb244731053f106,5b362fc7d358830fb8be2eb4,5b36329dd358830fb8be2eca,8,608,125,2426,3358,Lijiang Tower,FALSE
5b3575e50fb244731053f106,5b362fc7d358830fb8be2eb4,5b36329dd358830fb8be2eca,8,609,126,2427,3334,Temple of Anubis,FALSE
5b3575e50fb244731053f106,5b362fc7d358830fb8be2eb4,5b36329dd358830fb8be2eca,8,610,127,2428,3311,Dorado,FALSE
5b3575e50fb244731053f106,5b362fc7d358830fb8be2eb4,5b36329dd358830fb8be2eca,9,611,1,2429,3311,Placements,TRUE
5b3575e50fb244731053f106,5b362fc7d358830fb8be2eb4,5b36329dd358830fb8be2eca,9,612,2,2430,3311,Placements,TRUE
5b3575e50fb244731053f106,5b362fc7d358830fb8be2eb4,5b36329dd358830fb8be2eca,9,613,3,2431,3311,Placements,TRUE
5b3575e50fb244731053f106,5b362fc7d358830fb8be2eb4,5b36329dd358830fb8be2eca,9,614,4,2432,3311,Placements,TRUE
5b3575e50fb244731053f106,5b362fc7d358830fb8be2eb4,5b36329dd358830fb8be2eca,9,615,5,2433,3311,Placements,TRUE
5b3575e50fb244731053f106,5b362fc7d358830fb8be2eb4,5b36329dd358830fb8be2eca,9,616,6,2434,3311,Placements,TRUE
5b3575e50fb244731053f106,5b362fc7d358830fb8be2eb4,5b36329dd358830fb8be2eca,9,617,7,2435,3311,Placements,TRUE
5b3575e50fb244731053f106,5b362fc7d358830fb8be2eb4,5b36329dd358830fb8be2eca,9,618,8,2436,3311,Placements,TRUE
5b3575e50fb244731053f106,5b362fc7d358830fb8be2eb4,5b36329dd358830fb8be2eca,9,619,9,2437,3311,Placements,TRUE
5b3575e50fb244731053f106,5b362fc7d358830fb8be2eb4,5b36329dd358830fb8be2eca,9,620,10,2438,3142,Placements,TRUE
5b3575e50fb244731053f106,5b362fc7d358830fb8be2eb4,5b36329dd358830fb8be2eca,9,621,11,2439,3118,Junkertown,FALSE
5b3575e50fb244731053f106,5b362fc7d358830fb8be2eb4,5b36329dd358830fb8be2eca,9,622,12,2440,3142,Temple of Anubis,FALSE
5b3575e50fb244731053f106,5b362fc7d358830fb8be2eb4,5b36329dd358830fb8be2eca,9,623,13,2441,3166,Nepal,FALSE
5b3575e50fb244731053f106,5b362fc7d358830fb8be2eb4,5b36329dd358830fb8be2eca,9,624,14,2442,3191,Dorado,FALSE
5b3575e50fb244731053f106,5b362fc7d358830fb8be2eb4,5b36329dd358830fb8be2eca,9,625,15,2443,3167,Oasis,FALSE
5b3575e50fb244731053f106,5b362fc7d358830fb8be2eb4,5b36329dd358830fb8be2eca,9,626,16,2444,3191,Hanamura,FALSE
5b3575e50fb244731053f106,5b362fc7d358830fb8be2eb4,5b36329dd358830fb8be2eca,9,627,17,2445,3167,Ilios,FALSE
5b3575e50fb244731053f106,5b362fc7d358830fb8be2eb4,5b36329dd358830fb8be2eca,9,628,18,2446,3144,Route 66,FALSE
5b3575e50fb244731053f106,5b362fc7d358830fb8be2eb4,5b36329dd358830fb8be2eca,9,629,19,2447,3167,Dorado,FALSE
5b3575e50fb244731053f106,5b362fc7d358830fb8be2eb4,5b36329dd358830fb8be2eca,9,630,20,2448,3144,Hollywood,FALSE
5b3575e50fb244731053f106,5b362fc7d358830fb8be2eb4,5b36329dd358830fb8be2eca,9,631,21,2449,3168,Ilios,FALSE
5b3575e50fb244731053f106,5b362fc7d358830fb8be2eb4,5b36329dd358830fb8be2eca,9,632,22,2450,3191,Numbani,FALSE
5b3575e50fb244731053f106,5b362fc7d358830fb8be2eb4,5b36329dd358830fb8be2eca,9,633,23,2451,3167,Lijiang Tower,FALSE
5b3575e50fb244731053f106,5b362fc7d358830fb8be2eb4,5b36329dd358830fb8be2eca,9,634,24,2452,3192,Blizzard World,FALSE
5b3575e50fb244731053f106,5b362fc7d358830fb8be2eb4,5b36329dd358830fb8be2eca,9,635,25,2453,3168,Dorado,FALSE
5b3575e50fb244731053f106,5b362fc7d358830fb8be2eb4,5b36329dd358830fb8be2eca,9,636,26,2454,3145,Horizon Lunar Colony,FALSE
5b3575e50fb244731053f106,5b362fc7d358830fb8be2eb4,5b36329dd358830fb8be2eca,9,637,27,2455,3168,Hanamura,FALSE
5b3575e50fb244731053f106,5b362fc7d358830fb8be2eb4,5b36329dd358830fb8be2eca,9,638,28,2456,3193,Ilios,FALSE
5b3575e50fb244731053f106,5b362fc7d358830fb8be2eb4,5b36329dd358830fb8be2eca,9,639,29,2457,3169,Oasis,FALSE
5b3575e50fb244731053f106,5b362fc7d358830fb8be2eb4,5b36329dd358830fb8be2eca,9,640,30,2458,3193,Dorado,FALSE
5b3575e50fb244731053f106,5b362fc7d358830fb8be2eb4,5b36329dd358830fb8be2eca,9,641,31,2459,3216,Volskaya Industries,FALSE
5b3575e50fb244731053f106,5b362fc7d358830fb8be2eb4,5b36329dd358830fb8be2eca,9,642,32,2460,3240,Watchpoint: Gibraltar,FALSE
5b3575e50fb244731053f106,5b362fc7d358830fb8be2eb4,5b36329dd358830fb8be2eca,9,643,33,2461,3216,Horizon Lunar Colony,FALSE
5b3575e50fb244731053f106,5b362fc7d358830fb8be2eb4,5b36329dd358830fb8be2eca,9,644,34,2462,3240,Numbani,FALSE
5b3575e50fb244731053f106,5b362fc7d358830fb8be2eb4,5b36329dd358830fb8be2eca,9,645,35,2463,3216,Temple of Anubis,FALSE
5b3575e50fb244731053f106,5b362fc7d358830fb8be2eb4,5b36329dd358830fb8be2eca,9,646,36,2464,3191,Ilios,FALSE
5b3575e50fb244731053f106,5b362fc7d358830fb8be2eb4,5b36329dd358830fb8be2eca,9,647,37,2465,3216,Nepal,FALSE
5b3575e50fb244731053f106,5b362fc7d358830fb8be2eb4,5b36329dd358830fb8be2eca,9,648,38,2466,3193,Lijiang Tower,FALSE
5b3575e50fb244731053f106,5b362fc7d358830fb8be2eb4,5b36329dd358830fb8be2eca,9,649,39,2467,3170,Oasis,FALSE
5b3575e50fb244731053f106,5b362fc7d358830fb8be2eb4,5b36329dd358830fb8be2eca,9,650,40,2468,3147,Dorado,FALSE
5b3575e50fb244731053f106,5b362fc7d358830fb8be2eb4,5b36329dd358830fb8be2eca,9,651,41,2469,3171,Oasis,FALSE
5b3575e50fb244731053f106,5b362fc7d358830fb8be2eb4,5b36329dd358830fb8be2eca,9,652,42,2470,3195,Temple of Anubis,FALSE
5b3575e50fb244731053f106,5b362fc7d358830fb8be2eb4,5b36329dd358830fb8be2eca,9,653,43,2471,3219,Oasis,FALSE
5b3575e50fb244731053f106,5b362fc7d358830fb8be2eb4,5b36329dd358830fb8be2eca,9,654,44,2472,3195,Eichenwalde,FALSE
5b3575e50fb244731053f106,5b362fc7d358830fb8be2eb4,5b36329dd358830fb8be2eca,9,655,45,2473,3219,Nepal,FALSE
5b3575e50fb244731053f106,5b362fc7d358830fb8be2eb4,5b36329dd358830fb8be2eca,9,656,46,2474,3243,Dorado,FALSE
5b3575e50fb244731053f106,5b362fc7d358830fb8be2eb4,5b36329dd358830fb8be2eca,9,657,47,2475,3265,Ilios,FALSE
5b3575e50fb244731053f106,5b362fc7d358830fb8be2eb4,5b36329dd358830fb8be2eca,9,658,48,2476,3240,Horizon Lunar Colony,FALSE
5b3575e50fb244731053f106,5b362fc7d358830fb8be2eb4,5b36329dd358830fb8be2eca,9,659,49,2477,3265,Oasis,FALSE
5b3575e50fb244731053f106,5b362fc7d358830fb8be2eb4,5b36329dd358830fb8be2eca,9,660,50,2478,3289,Junkertown,FALSE
5b3575e50fb244731053f106,5b362fc7d358830fb8be2eb4,5b36329dd358830fb8be2eca,9,661,51,2479,3289,Temple of Anubis,FALSE
5b3575e50fb244731053f106,5b362fc7d358830fb8be2eb4,5b36329dd358830fb8be2eca,9,662,52,2480,3313,Route 66,FALSE
5b3575e50fb244731053f106,5b362fc7d358830fb8be2eb4,5b36329dd358830fb8be2eca,9,663,53,2481,3336,Lijiang Tower,FALSE
5b3575e50fb244731053f106,5b362fc7d358830fb8be2eb4,5b36329dd358830fb8be2eca,9,664,54,2482,3312,Nepal,FALSE
5b3575e50fb244731053f106,5b362fc7d358830fb8be2eb4,5b36329dd358830fb8be2eca,9,665,55,2483,3288,Junkertown,FALSE
5b3575e50fb244731053f106,5b362fc7d358830fb8be2eb4,5b36329dd358830fb8be2eca,9,666,56,2484,3313,King's Row,FALSE
5b3575e50fb244731053f106,5b362fc7d358830fb8be2eb4,5b36329dd358830fb8be2eca,9,667,57,2485,3289,Dorado,FALSE
5b3575e50fb244731053f106,5b362fc7d358830fb8be2eb4,5b36329dd358830fb8be2eca,9,668,58,2486,3265,Blizzard World,FALSE
5b3575e50fb244731053f106,5b362fc7d358830fb8be2eb4,5b36329dd358830fb8be2eca,9,669,59,2487,3241,King's Row,FALSE
5b3575e50fb244731053f106,5b362fc7d358830fb8be2eb4,5b36329dd358830fb8be2eca,9,670,60,2488,3217,Hollywood,FALSE
5b3575e50fb244731053f106,5b362fc7d358830fb8be2eb4,5b36329dd358830fb8be2eca,9,671,61,2489,3241,Volskaya Industries,FALSE
5b3575e50fb244731053f106,5b362fc7d358830fb8be2eb4,5b36329dd358830fb8be2eca,9,672,62,2490,3217,Hollywood,FALSE
5b3575e50fb244731053f106,5b362fc7d358830fb8be2eb4,5b36329dd358830fb8be2eca,9,673,63,2491,3193,Numbani,FALSE
5b3575e50fb244731053f106,5b362fc7d358830fb8be2eb4,5b36329dd358830fb8be2eca,9,674,64,2492,3217,Oasis,FALSE
5b3575e50fb244731053f106,5b362fc7d358830fb8be2eb4,5b36329dd358830fb8be2eca,9,675,65,2493,3193,Blizzard World,FALSE
5b3575e50fb244731053f106,5b362fc7d358830fb8be2eb4,5b36329dd358830fb8be2eca,9,676,66,2494,3217,Watchpoint: Gibraltar,FALSE
5b3575e50fb244731053f106,5b362fc7d358830fb8be2eb4,5b36329dd358830fb8be2eca,9,677,67,2495,3241,Temple of Anubis,FALSE
5b3575e50fb244731053f106,5b362fc7d358830fb8be2eb4,5b36329dd358830fb8be2eca,9,678,68,2496,3266,Nepal,FALSE
5b3575e50fb244731053f106,5b362fc7d358830fb8be2eb4,5b36329dd358830fb8be2eca,9,679,69,2497,3242,King's Row,FALSE
5b3575e50fb244731053f106,5b362fc7d358830fb8be2eb4,5b36329dd358830fb8be2eca,9,680,70,2498,3218,Blizzard World,FALSE
5b3575e50fb244731053f106,5b362fc7d358830fb8be2eb4,5b36329dd358830fb8be2eca,9,681,71,2499,3243,Oasis,FALSE
5b3575e50fb244731053f106,5b362fc7d358830fb8be2eb4,5b36329dd358830fb8be2eca,9,682,72,2500,3267,Numbani,FALSE
5b3575e50fb244731053f106,5b362fc7d358830fb8be2eb4,5b36329dd358830fb8be2eca,9,683,73,2501,3243,Hanamura,FALSE
5b3575e50fb244731053f106,5b362fc7d358830fb8be2eb4,5b36329dd358830fb8be2eca,9,684,74,2502,3219,Blizzard World,FALSE
5b3575e50fb244731053f106,5b362fc7d358830fb8be2eb4,5b36329dd358830fb8be2eca,9,685,75,2503,3243,Horizon Lunar Colony,FALSE
5b3575e50fb244731053f106,5b362fc7d358830fb8be2eb4,5b36329dd358830fb8be2eca,9,686,76,2504,3219,Eichenwalde,FALSE
5b3575e50fb244731053f106,5b362fc7d358830fb8be2eb4,5b36329dd358830fb8be2eca,9,687,77,2505,3195,Watchpoint: Gibraltar,FALSE
5b3575e50fb244731053f106,5b362fc7d358830fb8be2eb4,5b36329dd358830fb8be2eca,9,688,78,2506,3219,King's Row,FALSE
5b3575e50fb244731053f106,5b362fc7d358830fb8be2eb4,5b36329dd358830fb8be2eca,9,689,79,2507,3243,Volskaya Industries,FALSE
5b3575e50fb244731053f106,5b362fc7d358830fb8be2eb4,5b36329dd358830fb8be2eca,9,690,80,2508,3267,Numbani,FALSE
5b3575e50fb244731053f106,5b362fc7d358830fb8be2eb4,5b36329dd358830fb8be2eca,9,691,81,2509,3291,Temple of Anubis,FALSE
5b3575e50fb244731053f106,5b362fc7d358830fb8be2eb4,5b36329dd358830fb8be2eca,9,692,82,2510,3267,Dorado,FALSE
5b3575e50fb244731053f106,5b362fc7d358830fb8be2eb4,5b36329dd358830fb8be2eca,9,693,83,2511,3243,Nepal,FALSE
5b3575e50fb244731053f106,5b362fc7d358830fb8be2eb4,5b36329dd358830fb8be2eca,9,694,84,2512,3219,Lijiang Tower,FALSE
5b3575e50fb244731053f106,5b362fc7d358830fb8be2eb4,5b36329dd358830fb8be2eca,9,695,85,2513,3243,Route 66,FALSE
5b3575e50fb244731053f106,5b362fc7d358830fb8be2eb4,5b36329dd358830fb8be2eca,9,696,86,2514,3218,Blizzard World,FALSE
5b3575e50fb244731053f106,5b362fc7d358830fb8be2eb4,5b36329dd358830fb8be2eca,9,697,87,2515,3194,Oasis,FALSE
5b3575e50fb244731053f106,5b362fc7d358830fb8be2eb4,5b36329dd358830fb8be2eca,9,698,88,2516,3169,Dorado,FALSE
5b3575e50fb244731053f106,5b362fc7d358830fb8be2eb4,5b36329dd358830fb8be2eca,9,699,89,2517,3193,Dorado,FALSE
5b3575e50fb244731053f106,5b362fc7d358830fb8be2eb4,5b36329dd358830fb8be2eca,9,700,90,2518,3217,Eichenwalde,FALSE
5b3575e50fb244731053f106,5b362fc7d358830fb8be2eb4,5b36329dd358830fb8be2eca,9,701,91,2519,3241,Ilios,FALSE
5b3575e50fb244731053f106,5b362fc7d358830fb8be2eb4,5b36329dd358830fb8be2eca,9,702,92,2520,3265,Lijiang Tower,FALSE
5b3575e50fb244731053f106,5b362fc7d358830fb8be2eb4,5b36329dd358830fb8be2eca,9,703,93,2521,3289,Junkertown,FALSE
5b3575e50fb244731053f106,5b362fc7d358830fb8be2eb4,5b36329dd358830fb8be2eca,9,704,94,2522,3314,Nepal,FALSE
5b3575e50fb244731053f106,5b362fc7d358830fb8be2eb4,5b36329dd358830fb8be2eca,9,705,95,2523,3338,Oasis,FALSE
5b3575e50fb244731053f106,5b362fc7d358830fb8be2eb4,5b36329dd358830fb8be2eca,9,706,96,2524,3314,Watchpoint: Gibraltar,FALSE
5b3575e50fb244731053f106,5b362fc7d358830fb8be2eb4,5b36329dd358830fb8be2eca,9,707,97,2525,3338,Blizzard World,FALSE
5b3575e50fb244731053f106,5b362fc7d358830fb8be2eb4,5b36329dd358830fb8be2eca,9,708,98,2526,3314,Lijiang Tower,FALSE
5b3575e50fb244731053f106,5b362fc7d358830fb8be2eb4,5b36329dd358830fb8be2eca,9,709,99,2527,3290,Numbani,FALSE
5b3575e50fb244731053f106,5b362fc7d358830fb8be2eb4,5b36329dd358830fb8be2eca,9,710,100,2528,3266,Hanamura,FALSE
5b3575e50fb244731053f106,5b362fc7d358830fb8be2eb4,5b36329dd358830fb8be2eca,9,711,101,2529,3243,Hanamura,FALSE
5b3575e50fb244731053f106,5b362fc7d358830fb8be2eb4,5b36329dd358830fb8be2eca,9,712,102,2530,3266,Nepal,FALSE
5b3575e50fb244731053f106,5b362fc7d358830fb8be2eb4,5b36329dd358830fb8be2eca,9,713,103,2531,3292,Watchpoint: Gibraltar,FALSE
5b3575e50fb244731053f106,5b362fc7d358830fb8be2eb4,5b36329dd358830fb8be2eca,9,714,104,2532,3267,Hollywood,FALSE
5b3575e50fb244731053f106,5b362fc7d358830fb8be2eb4,5b36329dd358830fb8be2eca,9,715,105,2533,3292,Numbani,FALSE
5b3575e50fb244731053f106,5b362fc7d358830fb8be2eb4,5b36329dd358830fb8be2eca,9,716,106,2534,3318,Junkertown,FALSE
5b3575e50fb244731053f106,5b362fc7d358830fb8be2eb4,5b36329dd358830fb8be2eca,9,717,107,2535,3296,Volskaya Industries,FALSE
5b3575e50fb244731053f106,5b362fc7d358830fb8be2eb4,5b36329dd358830fb8be2eca,9,718,108,2536,3319,Eichenwalde,FALSE
5b3575e50fb244731053f106,5b362fc7d358830fb8be2eb4,5b36329dd358830fb8be2eca,9,719,109,2537,3344,Horizon Lunar Colony,FALSE
5b3575e50fb244731053f106,5b362fc7d358830fb8be2eb4,5b36329dd358830fb8be2eca,9,720,110,2538,3321,Route 66,FALSE
5b3575e50fb244731053f106,5b362fc7d358830fb8be2eb4,5b36329dd358830fb8be2eca,9,721,111,2539,3344,Eichenwalde,FALSE
5b3575e50fb244731053f106,5b362fc7d358830fb8be2eb4,5b36329dd358830fb8be2eca,9,722,112,2540,3367,Ilios,FALSE
5b3575e50fb244731053f106,5b362fc7d358830fb8be2eb4,5b36329dd358830fb8be2eca,9,723,113,2541,3342,Temple of Anubis,FALSE
5b3575e50fb244731053f106,5b362fc7d358830fb8be2eb4,5b36329dd358830fb8be2eca,9,724,114,2542,3319,Ilios,FALSE
5b3575e50fb244731053f106,5b362fc7d358830fb8be2eb4,5b36329dd358830fb8be2eca,9,725,115,2543,3343,Lijiang Tower,FALSE
5b3575e50fb244731053f106,5b362fc7d358830fb8be2eb4,5b36329dd358830fb8be2eca,9,726,116,2544,3367,Numbani,FALSE
5b3575e50fb244731053f106,5b362fc7d358830fb8be2eb4,5b36329dd358830fb8be2eca,9,727,117,2545,3342,Oasis,FALSE
5b3575e50fb244731053f106,5b362fc7d358830fb8be2eb4,5b36329dd358830fb8be2eca,9,728,118,2546,3317,Horizon Lunar Colony,FALSE
5b3575e50fb244731053f106,5b362fc7d358830fb8be2eb4,5b36329dd358830fb8be2eca,9,729,119,2547,3341,Oasis,FALSE
5b3575e50fb244731053f106,5b362fc7d358830fb8be2eb4,5b36329dd358830fb8be2eca,9,730,120,2548,3365,Blizzard World,FALSE
5b3575e50fb244731053f106,5b362fc7d358830fb8be2eb4,5b36329dd358830fb8be2eca,9,731,121,2549,3340,Nepal,FALSE
5b3575e50fb244731053f106,5b362fc7d358830fb8be2eb4,5b36329dd358830fb8be2eca,9,732,122,2550,3365,Volskaya Industries,FALSE
5b3575e50fb244731053f106,5b362fc7d358830fb8be2eb4,5b36329dd358830fb8be2eca,9,733,123,2551,3388,Hanamura,FALSE
5b3575e50fb244731053f106,5b362fc7d358830fb8be2eb4,5b36329dd358830fb8be2eca,9,734,124,2552,3365,Eichenwalde,FALSE
5b3575e50fb244731053f106,5b362fc7d358830fb8be2eb4,5b36329dd358830fb8be2eca,9,735,125,2553,3388,Dorado,FALSE
5b3575e50fb244731053f106,5b362fc7d358830fb8be2eb4,5b36329dd358830fb8be2eca,9,736,126,2554,3365,Temple of Anubis,FALSE
5b3575e50fb244731053f106,5b362fc7d358830fb8be2eb4,5b36329dd358830fb8be2eca,9,737,127,2555,3341,King's Row,FALSE
5b3575e50fb244731053f106,5b362fc7d358830fb8be2eb4,5b36329dd358830fb8be2eca,9,738,128,2556,3316,Junkertown,FALSE
5b3575e50fb244731053f106,5b362fc7d358830fb8be2eb4,5b36329dd358830fb8be2eca,9,739,129,2557,3291,Horizon Lunar Colony,FALSE
5b3575e50fb244731053f106,5b362fc7d358830fb8be2eb4,5b36329dd358830fb8be2eca,9,740,130,2558,3315,Dorado,FALSE
5b3575e50fb244731053f106,5b362fc7d358830fb8be2eb4,5b36329dd358830fb8be2eca,9,741,131,2559,3290,Ilios,FALSE
5b3575e50fb244731053f106,5b362fc7d358830fb8be2eb4,5b36329dd358830fb8be2eca,9,742,132,2560,3314,Route 66,FALSE
5b3575e50fb244731053f106,5b362fc7d358830fb8be2eb4,5b36329dd358830fb8be2eca,9,743,133,2561,3338,Oasis,FALSE
5b3575e50fb244731053f106,5b362fc7d358830fb8be2eb4,5b36329dd358830fb8be2eca,9,744,134,2562,3314,Hanamura,FALSE
5b3575e50fb244731053f106,5b362fc7d358830fb8be2eb4,5b36329dd358830fb8be2eca,9,745,135,2563,3338,Nepal,FALSE
5b3575e50fb244731053f106,5b362fc7d358830fb8be2eb4,5b36329dd358830fb8be2eca,9,746,136,2564,3362,Lijiang Tower,FALSE
5b3575e50fb244731053f106,5b362fc7d358830fb8be2eb4,5b36329dd358830fb8be2eca,9,747,137,2565,3337,Horizon Lunar Colony,FALSE
5b3575e50fb244731053f106,5b362fc7d358830fb8be2eb4,5b36329dd358830fb8be2eca,9,748,138,2566,3361,Hollywood,FALSE
5b3575e50fb244731053f106,5b362fc7d358830fb8be2eb4,5b36329dd358830fb8be2eca,9,749,139,2567,3336,Eichenwalde,FALSE
5b3575e50fb244731053f106,5b362fc7d358830fb8be2eb4,5b36329dd358830fb8be2eca,9,750,140,2568,3312,Ilios,FALSE
5b3575e50fb244731053f106,5b362fc7d358830fb8be2eb4,5b36329dd358830fb8be2eca,9,751,141,2569,3287,Temple of Anubis,FALSE
5b3575e50fb244731053f106,5b362fc7d358830fb8be2eb4,5b36329dd358830fb8be2eca,9,752,142,2570,3311,King's Row,FALSE
5b3575e50fb244731053f106,5b362fc7d358830fb8be2eb4,5b36329dd358830fb8be2eca,9,753,143,2571,3336,Blizzard World,FALSE
5b3575e50fb244731053f106,5b362fc7d358830fb8be2eb4,5b36329dd358830fb8be2eca,9,754,144,2572,3312,Watchpoint: Gibraltar,FALSE
5b3575e50fb244731053f106,5b362fc7d358830fb8be2eb4,5b36329dd358830fb8be2eca,9,755,145,2573,3288,Lijiang Tower,FALSE
5b3575e50fb244731053f106,5b362fc7d358830fb8be2eb4,5b36329dd358830fb8be2eca,9,756,146,2574,3264,Ilios,FALSE
5b3575e50fb244731053f106,5b362fc7d358830fb8be2eb4,5b36329dd358830fb8be2eca,9,757,147,2575,3240,Junkertown,FALSE
5b3575e50fb244731053f106,5b362fc7d358830fb8be2eb4,5b36329dd358830fb8be2eca,9,758,148,2576,3216,Dorado,FALSE
5b3575e50fb244731053f106,5b362fc7d358830fb8be2eb4,5b36329dd358830fb8be2eca,9,759,149,2577,3192,Nepal,FALSE
5b3575e50fb244731053f106,5b362fc7d358830fb8be2eb4,5b36329dd358830fb8be2eca,9,760,150,2578,3216,Numbani,FALSE
5b3575e50fb244731053f106,5b362fc7d358830fb8be2eb4,5b36329dd358830fb8be2eca,9,761,151,2579,3192,Route 66,FALSE
5b3575e50fb244731053f106,5b362fc7d358830fb8be2eb4,5b36329dd358830fb8be2eca,9,762,152,2580,3168,Hanamura,FALSE
5b3575e50fb244731053f106,5b362fc7d358830fb8be2eb4,5b36329dd358830fb8be2eca,9,763,153,2581,3144,Lijiang Tower,FALSE
5b3575e50fb244731053f106,5b362fc7d358830fb8be2eb4,5b36329dd358830fb8be2eca,9,764,154,2582,3120,Blizzard World,FALSE
5b3575e50fb244731053f106,5b362fc7d358830fb8be2eb4,5b36329dd358830fb8be2eca,9,765,155,2583,3094,Temple of Anubis,FALSE
5b3575e50fb244731053f106,5b362fc7d358830fb8be2eb4,5b36329dd358830fb8be2eca,9,766,156,2584,3094,Volskaya Industries,FALSE
5b3575e50fb244731053f106,5b362fc7d358830fb8be2eb4,5b36329dd358830fb8be2eca,9,767,157,2585,3070,King's Row,FALSE
5b3575e50fb244731053f106,5b362fc7d358830fb8be2eb4,5b36329dd358830fb8be2eca,9,768,158,2586,3047,Oasis,FALSE
5b3575e50fb244731053f106,5b362fc7d358830fb8be2eb4,5b36329dd358830fb8be2eca,9,769,159,2587,3023,Nepal,FALSE
5b3575e50fb244731053f106,5b362fc7d358830fb8be2eb4,5b36329dd358830fb8be2eca,9,770,160,2588,2999,Hollywood,FALSE
5b3575e50fb244731053f106,5b362fc7d358830fb8be2eb4,5b36329dd358830fb8be2eca,9,771,161,2589,2976,Hanamura,FALSE
5b3575e50fb244731053f106,5b362fc7d358830fb8be2eb4,5b36329dd358830fb8be2eca,9,772,162,2590,2952,Numbani,FALSE
5b3575e50fb244731053f106,5b362fc7d358830fb8be2eb4,5b36329dd358830fb8be2eca,9,773,163,2591,2929,Route 66,FALSE
5b3575e50fb244731053f106,5b362fc7d358830fb8be2eb4,5b36329dd358830fb8be2eca,9,774,164,2592,2906,Blizzard World,FALSE
5b3575e50fb244731053f106,5b362fc7d358830fb8be2eb4,5b36329dd358830fb8be2eca,9,775,165,2593,2930,Watchpoint: Gibraltar,FALSE
5b3575e50fb244731053f106,5b362fc7d358830fb8be2eb4,5b36329dd358830fb8be2eca,9,776,166,2594,2906,Ilios,FALSE
5b3575e50fb244731053f106,5b362fc7d358830fb8be2eb4,5b36329dd358830fb8be2eca,9,777,167,2595,2929,King's Row,FALSE
5b3575e50fb244731053f106,5b362fc7d358830fb8be2eb4,5b36329dd358830fb8be2eca,9,778,168,2596,2953,Hanamura,FALSE
5b3575e50fb244731053f106,5b362fc7d358830fb8be2eb4,5b36329dd358830fb8be2eca,9,779,169,2597,2977,Nepal,FALSE
5b3575e50fb244731053f106,5b362fc7d358830fb8be2eb4,5b36329dd358830fb8be2eca,9,780,170,2598,3000,Junkertown,FALSE
5b3575e50fb244731053f106,5b362fc7d358830fb8be2eb4,5b36329dd358830fb8be2eca,9,781,171,2599,3024,Lijiang Tower,FALSE
5b3575e50fb244731053f106,5b362fc7d358830fb8be2eb4,5b36329dd358830fb8be2eca,9,782,172,2600,3048,Volskaya Industries,FALSE
5b3575e50fb244731053f106,5b362fc7d358830fb8be2eb4,5b36329dd358830fb8be2eca,9,783,173,2601,3025,Temple of Anubis,FALSE
5b3575e50fb244731053f106,5b362fc7d358830fb8be2eb4,5b36329dd358830fb8be2eca,9,784,174,2602,3002,Horizon Lunar Colony,FALSE
